K,topic_id,L1,mean_topic_proportion,article_count,article_coverage,topic_label
15,0,Natural Sciences,0.21046846005680955,43,0.37719298245614036,"FREX: skvortzow, styan, length_breadth, north_manchuria, genus, breadth, kiangyin, swinhoe, dorsal, ovate | Prob: species, length, leaves, white, genus, manchuria, flowers, birds, breadth, yellow | Representative: Collection of birds in the Shanghai Museum, The; The Family names; Then and now; Notes on some new species of birds found on the island of Formosa"
15,0,Unknown,0.1027931142833057,6,0.16666666666666666,"FREX: skvortzow, styan, length_breadth, north_manchuria, genus, breadth, kiangyin, swinhoe, dorsal, ovate | Prob: species, length, leaves, white, genus, manchuria, flowers, birds, breadth, yellow | Representative: Collection of birds in the Shanghai Museum, The; The Family names; Then and now; Notes on some new species of birds found on the island of Formosa"
15,0,Literature and Language,0.04548178615229448,4,0.07017543859649122,"FREX: skvortzow, styan, length_breadth, north_manchuria, genus, breadth, kiangyin, swinhoe, dorsal, ovate | Prob: species, length, leaves, white, genus, manchuria, flowers, birds, breadth, yellow | Representative: Collection of birds in the Shanghai Museum, The; The Family names; Then and now; Notes on some new species of birds found on the island of Formosa"
15,0,Anthropology and Social Customs,0.04148437408479618,6,0.06818181818181818,"FREX: skvortzow, styan, length_breadth, north_manchuria, genus, breadth, kiangyin, swinhoe, dorsal, ovate | Prob: species, length, leaves, white, genus, manchuria, flowers, birds, breadth, yellow | Representative: Collection of birds in the Shanghai Museum, The; The Family names; Then and now; Notes on some new species of birds found on the island of Formosa"
15,0,"Economy, Trade, and Technology",0.02768599692647506,4,0.12121212121212122,"FREX: skvortzow, styan, length_breadth, north_manchuria, genus, breadth, kiangyin, swinhoe, dorsal, ovate | Prob: species, length, leaves, white, genus, manchuria, flowers, birds, breadth, yellow | Representative: Collection of birds in the Shanghai Museum, The; The Family names; Then and now; Notes on some new species of birds found on the island of Formosa"
15,0,Geography and Travel,0.018720899387737033,3,0.034482758620689655,"FREX: skvortzow, styan, length_breadth, north_manchuria, genus, breadth, kiangyin, swinhoe, dorsal, ovate | Prob: species, length, leaves, white, genus, manchuria, flowers, birds, breadth, yellow | Representative: Collection of birds in the Shanghai Museum, The; The Family names; Then and now; Notes on some new species of birds found on the island of Formosa"
15,0,Arts and Archaeology,0.006886373288065405,3,0.047619047619047616,"FREX: skvortzow, styan, length_breadth, north_manchuria, genus, breadth, kiangyin, swinhoe, dorsal, ovate | Prob: species, length, leaves, white, genus, manchuria, flowers, birds, breadth, yellow | Representative: Collection of birds in the Shanghai Museum, The; The Family names; Then and now; Notes on some new species of birds found on the island of Formosa"
15,0,Religion and Philosophy,0.0025502615122688344,0,0.0,"FREX: skvortzow, styan, length_breadth, north_manchuria, genus, breadth, kiangyin, swinhoe, dorsal, ovate | Prob: species, length, leaves, white, genus, manchuria, flowers, birds, breadth, yellow | Representative: Collection of birds in the Shanghai Museum, The; The Family names; Then and now; Notes on some new species of birds found on the island of Formosa"
15,0,History and Chronology,0.0010779105120106891,0,0.0,"FREX: skvortzow, styan, length_breadth, north_manchuria, genus, breadth, kiangyin, swinhoe, dorsal, ovate | Prob: species, length, leaves, white, genus, manchuria, flowers, birds, breadth, yellow | Representative: Collection of birds in the Shanghai Museum, The; The Family names; Then and now; Notes on some new species of birds found on the island of Formosa"
15,0,"Politics, Government, and Law",0.00013112311421038084,0,0.0,"FREX: skvortzow, styan, length_breadth, north_manchuria, genus, breadth, kiangyin, swinhoe, dorsal, ovate | Prob: species, length, leaves, white, genus, manchuria, flowers, birds, breadth, yellow | Representative: Collection of birds in the Shanghai Museum, The; The Family names; Then and now; Notes on some new species of birds found on the island of Formosa"
15,0,Military,7.930540525258456e-05,0,0.0,"FREX: skvortzow, styan, length_breadth, north_manchuria, genus, breadth, kiangyin, swinhoe, dorsal, ovate | Prob: species, length, leaves, white, genus, manchuria, flowers, birds, breadth, yellow | Representative: Collection of birds in the Shanghai Museum, The; The Family names; Then and now; Notes on some new species of birds found on the island of Formosa"
15,0,Education,5.1032693007235875e-05,0,0.0,"FREX: skvortzow, styan, length_breadth, north_manchuria, genus, breadth, kiangyin, swinhoe, dorsal, ovate | Prob: species, length, leaves, white, genus, manchuria, flowers, birds, breadth, yellow | Representative: Collection of birds in the Shanghai Museum, The; The Family names; Then and now; Notes on some new species of birds found on the island of Formosa"
15,1,Natural Sciences,0.060614003080280414,12,0.10526315789473684,"FREX: lour, cultivated_china, thbg, kth, china_cochin, fructu, foliis, linn, chinense, frutex | Prob: lour, sin, linn, plant, cochin, canton, plants, tree, leaves, tab | Representative: Early European researches into the flora of China; Chinese names of plants; Contribution to the nomenclature of Chinese plants; Java"
15,1,Unknown,0.015107382342255513,2,0.05555555555555555,"FREX: lour, cultivated_china, thbg, kth, china_cochin, fructu, foliis, linn, chinense, frutex | Prob: lour, sin, linn, plant, cochin, canton, plants, tree, leaves, tab | Representative: Early European researches into the flora of China; Chinese names of plants; Contribution to the nomenclature of Chinese plants; Java"
15,1,Geography and Travel,0.007016403146685092,1,0.011494252873563218,"FREX: lour, cultivated_china, thbg, kth, china_cochin, fructu, foliis, linn, chinense, frutex | Prob: lour, sin, linn, plant, cochin, canton, plants, tree, leaves, tab | Representative: Early European researches into the flora of China; Chinese names of plants; Contribution to the nomenclature of Chinese plants; Java"
15,1,Anthropology and Social Customs,0.004174752868525871,3,0.03409090909090909,"FREX: lour, cultivated_china, thbg, kth, china_cochin, fructu, foliis, linn, chinense, frutex | Prob: lour, sin, linn, plant, cochin, canton, plants, tree, leaves, tab | Representative: Early European researches into the flora of China; Chinese names of plants; Contribution to the nomenclature of Chinese plants; Java"
15,1,"Economy, Trade, and Technology",0.002129956813539843,0,0.0,"FREX: lour, cultivated_china, thbg, kth, china_cochin, fructu, foliis, linn, chinense, frutex | Prob: lour, sin, linn, plant, cochin, canton, plants, tree, leaves, tab | Representative: Early European researches into the flora of China; Chinese names of plants; Contribution to the nomenclature of Chinese plants; Java"
15,1,Literature and Language,0.0008752866322702115,0,0.0,"FREX: lour, cultivated_china, thbg, kth, china_cochin, fructu, foliis, linn, chinense, frutex | Prob: lour, sin, linn, plant, cochin, canton, plants, tree, leaves, tab | Representative: Early European researches into the flora of China; Chinese names of plants; Contribution to the nomenclature of Chinese plants; Java"
15,1,"Politics, Government, and Law",0.000345079354330797,0,0.0,"FREX: lour, cultivated_china, thbg, kth, china_cochin, fructu, foliis, linn, chinense, frutex | Prob: lour, sin, linn, plant, cochin, canton, plants, tree, leaves, tab | Representative: Early European researches into the flora of China; Chinese names of plants; Contribution to the nomenclature of Chinese plants; Java"
15,1,Religion and Philosophy,0.00024947169307595993,0,0.0,"FREX: lour, cultivated_china, thbg, kth, china_cochin, fructu, foliis, linn, chinense, frutex | Prob: lour, sin, linn, plant, cochin, canton, plants, tree, leaves, tab | Representative: Early European researches into the flora of China; Chinese names of plants; Contribution to the nomenclature of Chinese plants; Java"
15,1,Military,0.00022243115378648944,0,0.0,"FREX: lour, cultivated_china, thbg, kth, china_cochin, fructu, foliis, linn, chinense, frutex | Prob: lour, sin, linn, plant, cochin, canton, plants, tree, leaves, tab | Representative: Early European researches into the flora of China; Chinese names of plants; Contribution to the nomenclature of Chinese plants; Java"
15,1,History and Chronology,0.00016976461884876502,0,0.0,"FREX: lour, cultivated_china, thbg, kth, china_cochin, fructu, foliis, linn, chinense, frutex | Prob: lour, sin, linn, plant, cochin, canton, plants, tree, leaves, tab | Representative: Early European researches into the flora of China; Chinese names of plants; Contribution to the nomenclature of Chinese plants; Java"
15,1,Arts and Archaeology,0.00016116573930095995,0,0.0,"FREX: lour, cultivated_china, thbg, kth, china_cochin, fructu, foliis, linn, chinense, frutex | Prob: lour, sin, linn, plant, cochin, canton, plants, tree, leaves, tab | Representative: Early European researches into the flora of China; Chinese names of plants; Contribution to the nomenclature of Chinese plants; Java"
15,1,Education,0.00011731553540269382,0,0.0,"FREX: lour, cultivated_china, thbg, kth, china_cochin, fructu, foliis, linn, chinense, frutex | Prob: lour, sin, linn, plant, cochin, canton, plants, tree, leaves, tab | Representative: Early European researches into the flora of China; Chinese names of plants; Contribution to the nomenclature of Chinese plants; Java"
15,2,Natural Sciences,0.07609670572072008,23,0.20175438596491227,"FREX: temperature, magnetic, magnetism, victoria, amoor, vapour, hourly, latitude, eastern_asia, humidity | Prob: temperature, mean, eastern, asia, sea, annual, observations, peking, table, eastern_asia | Representative: The Climate of Eastern Asia; Meteorological observations, April - December 1872; Periodical change of terrestrial magnetism *; Meteorological tables, from observations made in Japan"
15,2,Unknown,0.03872475669495115,3,0.08333333333333333,"FREX: temperature, magnetic, magnetism, victoria, amoor, vapour, hourly, latitude, eastern_asia, humidity | Prob: temperature, mean, eastern, asia, sea, annual, observations, peking, table, eastern_asia | Representative: The Climate of Eastern Asia; Meteorological observations, April - December 1872; Periodical change of terrestrial magnetism *; Meteorological tables, from observations made in Japan"
15,2,Geography and Travel,0.01213137621910385,5,0.05747126436781609,"FREX: temperature, magnetic, magnetism, victoria, amoor, vapour, hourly, latitude, eastern_asia, humidity | Prob: temperature, mean, eastern, asia, sea, annual, observations, peking, table, eastern_asia | Representative: The Climate of Eastern Asia; Meteorological observations, April - December 1872; Periodical change of terrestrial magnetism *; Meteorological tables, from observations made in Japan"
15,2,"Economy, Trade, and Technology",0.00985259275409273,3,0.09090909090909091,"FREX: temperature, magnetic, magnetism, victoria, amoor, vapour, hourly, latitude, eastern_asia, humidity | Prob: temperature, mean, eastern, asia, sea, annual, observations, peking, table, eastern_asia | Representative: The Climate of Eastern Asia; Meteorological observations, April - December 1872; Periodical change of terrestrial magnetism *; Meteorological tables, from observations made in Japan"
15,2,Anthropology and Social Customs,0.004314294734103923,1,0.011363636363636364,"FREX: temperature, magnetic, magnetism, victoria, amoor, vapour, hourly, latitude, eastern_asia, humidity | Prob: temperature, mean, eastern, asia, sea, annual, observations, peking, table, eastern_asia | Representative: The Climate of Eastern Asia; Meteorological observations, April - December 1872; Periodical change of terrestrial magnetism *; Meteorological tables, from observations made in Japan"
15,2,Religion and Philosophy,0.002551221452700713,1,0.012658227848101266,"FREX: temperature, magnetic, magnetism, victoria, amoor, vapour, hourly, latitude, eastern_asia, humidity | Prob: temperature, mean, eastern, asia, sea, annual, observations, peking, table, eastern_asia | Representative: The Climate of Eastern Asia; Meteorological observations, April - December 1872; Periodical change of terrestrial magnetism *; Meteorological tables, from observations made in Japan"
15,2,History and Chronology,0.0023295429213032164,0,0.0,"FREX: temperature, magnetic, magnetism, victoria, amoor, vapour, hourly, latitude, eastern_asia, humidity | Prob: temperature, mean, eastern, asia, sea, annual, observations, peking, table, eastern_asia | Representative: The Climate of Eastern Asia; Meteorological observations, April - December 1872; Periodical change of terrestrial magnetism *; Meteorological tables, from observations made in Japan"
15,2,Education,0.0021083800955829573,0,0.0,"FREX: temperature, magnetic, magnetism, victoria, amoor, vapour, hourly, latitude, eastern_asia, humidity | Prob: temperature, mean, eastern, asia, sea, annual, observations, peking, table, eastern_asia | Representative: The Climate of Eastern Asia; Meteorological observations, April - December 1872; Periodical change of terrestrial magnetism *; Meteorological tables, from observations made in Japan"
15,2,Arts and Archaeology,0.001885080138516773,1,0.015873015873015872,"FREX: temperature, magnetic, magnetism, victoria, amoor, vapour, hourly, latitude, eastern_asia, humidity | Prob: temperature, mean, eastern, asia, sea, annual, observations, peking, table, eastern_asia | Representative: The Climate of Eastern Asia; Meteorological observations, April - December 1872; Periodical change of terrestrial magnetism *; Meteorological tables, from observations made in Japan"
15,2,Literature and Language,0.0008689097338982872,0,0.0,"FREX: temperature, magnetic, magnetism, victoria, amoor, vapour, hourly, latitude, eastern_asia, humidity | Prob: temperature, mean, eastern, asia, sea, annual, observations, peking, table, eastern_asia | Representative: The Climate of Eastern Asia; Meteorological observations, April - December 1872; Periodical change of terrestrial magnetism *; Meteorological tables, from observations made in Japan"
15,2,"Politics, Government, and Law",0.00039808629378595777,0,0.0,"FREX: temperature, magnetic, magnetism, victoria, amoor, vapour, hourly, latitude, eastern_asia, humidity | Prob: temperature, mean, eastern, asia, sea, annual, observations, peking, table, eastern_asia | Representative: The Climate of Eastern Asia; Meteorological observations, April - December 1872; Periodical change of terrestrial magnetism *; Meteorological tables, from observations made in Japan"
15,2,Military,0.00014146837843239773,0,0.0,"FREX: temperature, magnetic, magnetism, victoria, amoor, vapour, hourly, latitude, eastern_asia, humidity | Prob: temperature, mean, eastern, asia, sea, annual, observations, peking, table, eastern_asia | Representative: The Climate of Eastern Asia; Meteorological observations, April - December 1872; Periodical change of terrestrial magnetism *; Meteorological tables, from observations made in Japan"
15,3,Military,0.21539794448448446,1,0.5,"FREX: chehkiang, drought, tax, salt, land_tax, cheo, likin, fuhkien, remitted, roads | Prob: summer, salt, taels, road, cheo, spring, drought, land, autumn, chihli | Representative: Droughts in China, A. D. 620-1643; The Salt revenue of China; Chinese revenue; Inland communications in China *"
15,3,"Economy, Trade, and Technology",0.17839585128037416,12,0.36363636363636365,"FREX: chehkiang, drought, tax, salt, land_tax, cheo, likin, fuhkien, remitted, roads | Prob: summer, salt, taels, road, cheo, spring, drought, land, autumn, chihli | Representative: Droughts in China, A. D. 620-1643; The Salt revenue of China; Chinese revenue; Inland communications in China *"
15,3,"Politics, Government, and Law",0.13499070091093965,5,0.20833333333333334,"FREX: chehkiang, drought, tax, salt, land_tax, cheo, likin, fuhkien, remitted, roads | Prob: summer, salt, taels, road, cheo, spring, drought, land, autumn, chihli | Representative: Droughts in China, A. D. 620-1643; The Salt revenue of China; Chinese revenue; Inland communications in China *"
15,3,Natural Sciences,0.03837532758685044,16,0.14035087719298245,"FREX: chehkiang, drought, tax, salt, land_tax, cheo, likin, fuhkien, remitted, roads | Prob: summer, salt, taels, road, cheo, spring, drought, land, autumn, chihli | Representative: Droughts in China, A. D. 620-1643; The Salt revenue of China; Chinese revenue; Inland communications in China *"
15,3,Geography and Travel,0.02360960766224176,11,0.12643678160919541,"FREX: chehkiang, drought, tax, salt, land_tax, cheo, likin, fuhkien, remitted, roads | Prob: summer, salt, taels, road, cheo, spring, drought, land, autumn, chihli | Representative: Droughts in China, A. D. 620-1643; The Salt revenue of China; Chinese revenue; Inland communications in China *"
15,3,History and Chronology,0.016146025057347368,3,0.04285714285714286,"FREX: chehkiang, drought, tax, salt, land_tax, cheo, likin, fuhkien, remitted, roads | Prob: summer, salt, taels, road, cheo, spring, drought, land, autumn, chihli | Representative: Droughts in China, A. D. 620-1643; The Salt revenue of China; Chinese revenue; Inland communications in China *"
15,3,Anthropology and Social Customs,0.009131117098637467,3,0.03409090909090909,"FREX: chehkiang, drought, tax, salt, land_tax, cheo, likin, fuhkien, remitted, roads | Prob: summer, salt, taels, road, cheo, spring, drought, land, autumn, chihli | Representative: Droughts in China, A. D. 620-1643; The Salt revenue of China; Chinese revenue; Inland communications in China *"
15,3,Unknown,0.006458309032879129,2,0.05555555555555555,"FREX: chehkiang, drought, tax, salt, land_tax, cheo, likin, fuhkien, remitted, roads | Prob: summer, salt, taels, road, cheo, spring, drought, land, autumn, chihli | Representative: Droughts in China, A. D. 620-1643; The Salt revenue of China; Chinese revenue; Inland communications in China *"
15,3,Arts and Archaeology,0.0035979349709710784,1,0.015873015873015872,"FREX: chehkiang, drought, tax, salt, land_tax, cheo, likin, fuhkien, remitted, roads | Prob: summer, salt, taels, road, cheo, spring, drought, land, autumn, chihli | Representative: Droughts in China, A. D. 620-1643; The Salt revenue of China; Chinese revenue; Inland communications in China *"
15,3,Religion and Philosophy,0.0024413202278329186,0,0.0,"FREX: chehkiang, drought, tax, salt, land_tax, cheo, likin, fuhkien, remitted, roads | Prob: summer, salt, taels, road, cheo, spring, drought, land, autumn, chihli | Representative: Droughts in China, A. D. 620-1643; The Salt revenue of China; Chinese revenue; Inland communications in China *"
15,3,Literature and Language,0.002021318907779943,0,0.0,"FREX: chehkiang, drought, tax, salt, land_tax, cheo, likin, fuhkien, remitted, roads | Prob: summer, salt, taels, road, cheo, spring, drought, land, autumn, chihli | Representative: Droughts in China, A. D. 620-1643; The Salt revenue of China; Chinese revenue; Inland communications in China *"
15,3,Education,0.0003136249018651198,0,0.0,"FREX: chehkiang, drought, tax, salt, land_tax, cheo, likin, fuhkien, remitted, roads | Prob: summer, salt, taels, road, cheo, spring, drought, land, autumn, chihli | Representative: Droughts in China, A. D. 620-1643; The Salt revenue of China; Chinese revenue; Inland communications in China *"
15,4,Education,0.2834745358430859,5,1.0,"FREX: myth, lunar, sanscrit, greek, phonetic, cycle, aryan, calendar, egypt, stars | Prob: characters, language, modern, word, words, original, written, art, meaning, study | Representative: Can Chinese writing be simplified ?; Short notes on the identification of the Yue - ti and Kiang tribes of ancient Chinese history; Tone - accents of two Chinese dialects, The *; Stray notes on Corean history and literature"
15,4,Literature and Language,0.2694050048271446,36,0.631578947368421,"FREX: myth, lunar, sanscrit, greek, phonetic, cycle, aryan, calendar, egypt, stars | Prob: characters, language, modern, word, words, original, written, art, meaning, study | Representative: Can Chinese writing be simplified ?; Short notes on the identification of the Yue - ti and Kiang tribes of ancient Chinese history; Tone - accents of two Chinese dialects, The *; Stray notes on Corean history and literature"
15,4,Military,0.264396077034319,1,0.5,"FREX: myth, lunar, sanscrit, greek, phonetic, cycle, aryan, calendar, egypt, stars | Prob: characters, language, modern, word, words, original, written, art, meaning, study | Representative: Can Chinese writing be simplified ?; Short notes on the identification of the Yue - ti and Kiang tribes of ancient Chinese history; Tone - accents of two Chinese dialects, The *; Stray notes on Corean history and literature"
15,4,Arts and Archaeology,0.19901941622045097,39,0.6190476190476191,"FREX: myth, lunar, sanscrit, greek, phonetic, cycle, aryan, calendar, egypt, stars | Prob: characters, language, modern, word, words, original, written, art, meaning, study | Representative: Can Chinese writing be simplified ?; Short notes on the identification of the Yue - ti and Kiang tribes of ancient Chinese history; Tone - accents of two Chinese dialects, The *; Stray notes on Corean history and literature"
15,4,History and Chronology,0.18348863769855606,36,0.5142857142857142,"FREX: myth, lunar, sanscrit, greek, phonetic, cycle, aryan, calendar, egypt, stars | Prob: characters, language, modern, word, words, original, written, art, meaning, study | Representative: Can Chinese writing be simplified ?; Short notes on the identification of the Yue - ti and Kiang tribes of ancient Chinese history; Tone - accents of two Chinese dialects, The *; Stray notes on Corean history and literature"
15,4,Anthropology and Social Customs,0.15170537708387413,34,0.38636363636363635,"FREX: myth, lunar, sanscrit, greek, phonetic, cycle, aryan, calendar, egypt, stars | Prob: characters, language, modern, word, words, original, written, art, meaning, study | Representative: Can Chinese writing be simplified ?; Short notes on the identification of the Yue - ti and Kiang tribes of ancient Chinese history; Tone - accents of two Chinese dialects, The *; Stray notes on Corean history and literature"
15,4,Unknown,0.12054487869406569,15,0.4166666666666667,"FREX: myth, lunar, sanscrit, greek, phonetic, cycle, aryan, calendar, egypt, stars | Prob: characters, language, modern, word, words, original, written, art, meaning, study | Representative: Can Chinese writing be simplified ?; Short notes on the identification of the Yue - ti and Kiang tribes of ancient Chinese history; Tone - accents of two Chinese dialects, The *; Stray notes on Corean history and literature"
15,4,Religion and Philosophy,0.118818871613688,32,0.4050632911392405,"FREX: myth, lunar, sanscrit, greek, phonetic, cycle, aryan, calendar, egypt, stars | Prob: characters, language, modern, word, words, original, written, art, meaning, study | Representative: Can Chinese writing be simplified ?; Short notes on the identification of the Yue - ti and Kiang tribes of ancient Chinese history; Tone - accents of two Chinese dialects, The *; Stray notes on Corean history and literature"
15,4,Natural Sciences,0.09903708778859154,36,0.3157894736842105,"FREX: myth, lunar, sanscrit, greek, phonetic, cycle, aryan, calendar, egypt, stars | Prob: characters, language, modern, word, words, original, written, art, meaning, study | Representative: Can Chinese writing be simplified ?; Short notes on the identification of the Yue - ti and Kiang tribes of ancient Chinese history; Tone - accents of two Chinese dialects, The *; Stray notes on Corean history and literature"
15,4,Geography and Travel,0.08681015040140427,25,0.28735632183908044,"FREX: myth, lunar, sanscrit, greek, phonetic, cycle, aryan, calendar, egypt, stars | Prob: characters, language, modern, word, words, original, written, art, meaning, study | Representative: Can Chinese writing be simplified ?; Short notes on the identification of the Yue - ti and Kiang tribes of ancient Chinese history; Tone - accents of two Chinese dialects, The *; Stray notes on Corean history and literature"
15,4,"Economy, Trade, and Technology",0.027147630257834832,4,0.12121212121212122,"FREX: myth, lunar, sanscrit, greek, phonetic, cycle, aryan, calendar, egypt, stars | Prob: characters, language, modern, word, words, original, written, art, meaning, study | Representative: Can Chinese writing be simplified ?; Short notes on the identification of the Yue - ti and Kiang tribes of ancient Chinese history; Tone - accents of two Chinese dialects, The *; Stray notes on Corean history and literature"
15,4,"Politics, Government, and Law",0.0250604639405084,4,0.16666666666666666,"FREX: myth, lunar, sanscrit, greek, phonetic, cycle, aryan, calendar, egypt, stars | Prob: characters, language, modern, word, words, original, written, art, meaning, study | Representative: Can Chinese writing be simplified ?; Short notes on the identification of the Yue - ti and Kiang tribes of ancient Chinese history; Tone - accents of two Chinese dialects, The *; Stray notes on Corean history and literature"
15,5,History and Chronology,0.1472661128783284,35,0.5,"FREX: mohammed, yuan_shi, khan, annam, tong_king, garnier, rashid, tom, prophet, polo | Prob: king, city, shi, son, emperor, yuan, khan, mongol, river, sent | Representative: Notices of the mediaeval geography and history of Central and Western Asia *; The Intercourse of China with Central and Western Asia in the Second Century B.C.; Corea; What did the ancient Chinese know of the Greeks and Romans"
15,5,Military,0.08872000441006064,2,1.0,"FREX: mohammed, yuan_shi, khan, annam, tong_king, garnier, rashid, tom, prophet, polo | Prob: king, city, shi, son, emperor, yuan, khan, mongol, river, sent | Representative: Notices of the mediaeval geography and history of Central and Western Asia *; The Intercourse of China with Central and Western Asia in the Second Century B.C.; Corea; What did the ancient Chinese know of the Greeks and Romans"
15,5,Geography and Travel,0.0744056108342523,22,0.25287356321839083,"FREX: mohammed, yuan_shi, khan, annam, tong_king, garnier, rashid, tom, prophet, polo | Prob: king, city, shi, son, emperor, yuan, khan, mongol, river, sent | Representative: Notices of the mediaeval geography and history of Central and Western Asia *; The Intercourse of China with Central and Western Asia in the Second Century B.C.; Corea; What did the ancient Chinese know of the Greeks and Romans"
15,5,Religion and Philosophy,0.059579582661446,19,0.24050632911392406,"FREX: mohammed, yuan_shi, khan, annam, tong_king, garnier, rashid, tom, prophet, polo | Prob: king, city, shi, son, emperor, yuan, khan, mongol, river, sent | Representative: Notices of the mediaeval geography and history of Central and Western Asia *; The Intercourse of China with Central and Western Asia in the Second Century B.C.; Corea; What did the ancient Chinese know of the Greeks and Romans"
15,5,Anthropology and Social Customs,0.04955056855241726,16,0.18181818181818182,"FREX: mohammed, yuan_shi, khan, annam, tong_king, garnier, rashid, tom, prophet, polo | Prob: king, city, shi, son, emperor, yuan, khan, mongol, river, sent | Representative: Notices of the mediaeval geography and history of Central and Western Asia *; The Intercourse of China with Central and Western Asia in the Second Century B.C.; Corea; What did the ancient Chinese know of the Greeks and Romans"
15,5,Arts and Archaeology,0.03803354609817873,8,0.12698412698412698,"FREX: mohammed, yuan_shi, khan, annam, tong_king, garnier, rashid, tom, prophet, polo | Prob: king, city, shi, son, emperor, yuan, khan, mongol, river, sent | Representative: Notices of the mediaeval geography and history of Central and Western Asia *; The Intercourse of China with Central and Western Asia in the Second Century B.C.; Corea; What did the ancient Chinese know of the Greeks and Romans"
15,5,Unknown,0.03613012774179228,3,0.08333333333333333,"FREX: mohammed, yuan_shi, khan, annam, tong_king, garnier, rashid, tom, prophet, polo | Prob: king, city, shi, son, emperor, yuan, khan, mongol, river, sent | Representative: Notices of the mediaeval geography and history of Central and Western Asia *; The Intercourse of China with Central and Western Asia in the Second Century B.C.; Corea; What did the ancient Chinese know of the Greeks and Romans"
15,5,Literature and Language,0.021814564231478813,11,0.19298245614035087,"FREX: mohammed, yuan_shi, khan, annam, tong_king, garnier, rashid, tom, prophet, polo | Prob: king, city, shi, son, emperor, yuan, khan, mongol, river, sent | Representative: Notices of the mediaeval geography and history of Central and Western Asia *; The Intercourse of China with Central and Western Asia in the Second Century B.C.; Corea; What did the ancient Chinese know of the Greeks and Romans"
15,5,Education,0.015039696635365963,1,0.2,"FREX: mohammed, yuan_shi, khan, annam, tong_king, garnier, rashid, tom, prophet, polo | Prob: king, city, shi, son, emperor, yuan, khan, mongol, river, sent | Representative: Notices of the mediaeval geography and history of Central and Western Asia *; The Intercourse of China with Central and Western Asia in the Second Century B.C.; Corea; What did the ancient Chinese know of the Greeks and Romans"
15,5,Natural Sciences,0.01047796023375453,5,0.043859649122807015,"FREX: mohammed, yuan_shi, khan, annam, tong_king, garnier, rashid, tom, prophet, polo | Prob: king, city, shi, son, emperor, yuan, khan, mongol, river, sent | Representative: Notices of the mediaeval geography and history of Central and Western Asia *; The Intercourse of China with Central and Western Asia in the Second Century B.C.; Corea; What did the ancient Chinese know of the Greeks and Romans"
15,5,"Politics, Government, and Law",0.005871398510958977,1,0.041666666666666664,"FREX: mohammed, yuan_shi, khan, annam, tong_king, garnier, rashid, tom, prophet, polo | Prob: king, city, shi, son, emperor, yuan, khan, mongol, river, sent | Representative: Notices of the mediaeval geography and history of Central and Western Asia *; The Intercourse of China with Central and Western Asia in the Second Century B.C.; Corea; What did the ancient Chinese know of the Greeks and Romans"
15,5,"Economy, Trade, and Technology",0.0018049496795150125,0,0.0,"FREX: mohammed, yuan_shi, khan, annam, tong_king, garnier, rashid, tom, prophet, polo | Prob: king, city, shi, son, emperor, yuan, khan, mongol, river, sent | Representative: Notices of the mediaeval geography and history of Central and Western Asia *; The Intercourse of China with Central and Western Asia in the Second Century B.C.; Corea; What did the ancient Chinese know of the Greeks and Romans"
15,6,Arts and Archaeology,0.248225527039062,37,0.5873015873015873,"FREX: obverse, porcelain, coins, musical_instruments, coin, reverse, mint, wares, musical, chinese_musical | Prob: inches, reverse, coins, cash, porcelain, copper, instruments, obverse, coin, mint | Representative: Coins of the Republic of China *; Chinese ideas of antiques; Music of China, The *; Coinage of Corea, The *"
15,6,"Economy, Trade, and Technology",0.03945286602757297,5,0.15151515151515152,"FREX: obverse, porcelain, coins, musical_instruments, coin, reverse, mint, wares, musical, chinese_musical | Prob: inches, reverse, coins, cash, porcelain, copper, instruments, obverse, coin, mint | Representative: Coins of the Republic of China *; Chinese ideas of antiques; Music of China, The *; Coinage of Corea, The *"
15,6,Anthropology and Social Customs,0.03754131865200806,18,0.20454545454545456,"FREX: obverse, porcelain, coins, musical_instruments, coin, reverse, mint, wares, musical, chinese_musical | Prob: inches, reverse, coins, cash, porcelain, copper, instruments, obverse, coin, mint | Representative: Coins of the Republic of China *; Chinese ideas of antiques; Music of China, The *; Coinage of Corea, The *"
15,6,Military,0.030499675997690972,1,0.5,"FREX: obverse, porcelain, coins, musical_instruments, coin, reverse, mint, wares, musical, chinese_musical | Prob: inches, reverse, coins, cash, porcelain, copper, instruments, obverse, coin, mint | Representative: Coins of the Republic of China *; Chinese ideas of antiques; Music of China, The *; Coinage of Corea, The *"
15,6,History and Chronology,0.01670521589086556,4,0.05714285714285714,"FREX: obverse, porcelain, coins, musical_instruments, coin, reverse, mint, wares, musical, chinese_musical | Prob: inches, reverse, coins, cash, porcelain, copper, instruments, obverse, coin, mint | Representative: Coins of the Republic of China *; Chinese ideas of antiques; Music of China, The *; Coinage of Corea, The *"
15,6,Natural Sciences,0.014458667877899367,9,0.07894736842105263,"FREX: obverse, porcelain, coins, musical_instruments, coin, reverse, mint, wares, musical, chinese_musical | Prob: inches, reverse, coins, cash, porcelain, copper, instruments, obverse, coin, mint | Representative: Coins of the Republic of China *; Chinese ideas of antiques; Music of China, The *; Coinage of Corea, The *"
15,6,Geography and Travel,0.013888825568205903,7,0.08045977011494253,"FREX: obverse, porcelain, coins, musical_instruments, coin, reverse, mint, wares, musical, chinese_musical | Prob: inches, reverse, coins, cash, porcelain, copper, instruments, obverse, coin, mint | Representative: Coins of the Republic of China *; Chinese ideas of antiques; Music of China, The *; Coinage of Corea, The *"
15,6,Education,0.013525847341930288,1,0.2,"FREX: obverse, porcelain, coins, musical_instruments, coin, reverse, mint, wares, musical, chinese_musical | Prob: inches, reverse, coins, cash, porcelain, copper, instruments, obverse, coin, mint | Representative: Coins of the Republic of China *; Chinese ideas of antiques; Music of China, The *; Coinage of Corea, The *"
15,6,Literature and Language,0.013489899034240449,3,0.05263157894736842,"FREX: obverse, porcelain, coins, musical_instruments, coin, reverse, mint, wares, musical, chinese_musical | Prob: inches, reverse, coins, cash, porcelain, copper, instruments, obverse, coin, mint | Representative: Coins of the Republic of China *; Chinese ideas of antiques; Music of China, The *; Coinage of Corea, The *"
15,6,Unknown,0.013162089159979715,3,0.08333333333333333,"FREX: obverse, porcelain, coins, musical_instruments, coin, reverse, mint, wares, musical, chinese_musical | Prob: inches, reverse, coins, cash, porcelain, copper, instruments, obverse, coin, mint | Representative: Coins of the Republic of China *; Chinese ideas of antiques; Music of China, The *; Coinage of Corea, The *"
15,6,Religion and Philosophy,0.008079557742096111,4,0.05063291139240506,"FREX: obverse, porcelain, coins, musical_instruments, coin, reverse, mint, wares, musical, chinese_musical | Prob: inches, reverse, coins, cash, porcelain, copper, instruments, obverse, coin, mint | Representative: Coins of the Republic of China *; Chinese ideas of antiques; Music of China, The *; Coinage of Corea, The *"
15,6,"Politics, Government, and Law",0.003920074838516352,0,0.0,"FREX: obverse, porcelain, coins, musical_instruments, coin, reverse, mint, wares, musical, chinese_musical | Prob: inches, reverse, coins, cash, porcelain, copper, instruments, obverse, coin, mint | Representative: Coins of the Republic of China *; Chinese ideas of antiques; Music of China, The *; Coinage of Corea, The *"
15,7,Geography and Travel,0.06192584959860027,8,0.09195402298850575,"FREX: tait, esp, femme, fille, premi, dont, cette, rivi, leurs, fut | Prob: une, plus, tch, cette, chine, dont, aux, fut, ont, nom | Representative: Fragmens d'un voyage dans l'interieur de la Chine; Note sur quelques unes des recherches que l'on pourrait faire en Chine at au Japon au point de vue de la geologie et de la paleontologie; Jehol; Carte agricole generale de l'Empire Chinois. Texte preface, legende et repertoire"
15,7,"Economy, Trade, and Technology",0.06139369067899319,2,0.06060606060606061,"FREX: tait, esp, femme, fille, premi, dont, cette, rivi, leurs, fut | Prob: une, plus, tch, cette, chine, dont, aux, fut, ont, nom | Representative: Fragmens d'un voyage dans l'interieur de la Chine; Note sur quelques unes des recherches que l'on pourrait faire en Chine at au Japon au point de vue de la geologie et de la paleontologie; Jehol; Carte agricole generale de l'Empire Chinois. Texte preface, legende et repertoire"
15,7,Unknown,0.051779321969307096,2,0.05555555555555555,"FREX: tait, esp, femme, fille, premi, dont, cette, rivi, leurs, fut | Prob: une, plus, tch, cette, chine, dont, aux, fut, ont, nom | Representative: Fragmens d'un voyage dans l'interieur de la Chine; Note sur quelques unes des recherches que l'on pourrait faire en Chine at au Japon au point de vue de la geologie et de la paleontologie; Jehol; Carte agricole generale de l'Empire Chinois. Texte preface, legende et repertoire"
15,7,"Politics, Government, and Law",0.03583023187982459,1,0.041666666666666664,"FREX: tait, esp, femme, fille, premi, dont, cette, rivi, leurs, fut | Prob: une, plus, tch, cette, chine, dont, aux, fut, ont, nom | Representative: Fragmens d'un voyage dans l'interieur de la Chine; Note sur quelques unes des recherches que l'on pourrait faire en Chine at au Japon au point de vue de la geologie et de la paleontologie; Jehol; Carte agricole generale de l'Empire Chinois. Texte preface, legende et repertoire"
15,7,Natural Sciences,0.0183033589784033,2,0.017543859649122806,"FREX: tait, esp, femme, fille, premi, dont, cette, rivi, leurs, fut | Prob: une, plus, tch, cette, chine, dont, aux, fut, ont, nom | Representative: Fragmens d'un voyage dans l'interieur de la Chine; Note sur quelques unes des recherches que l'on pourrait faire en Chine at au Japon au point de vue de la geologie et de la paleontologie; Jehol; Carte agricole generale de l'Empire Chinois. Texte preface, legende et repertoire"
15,7,History and Chronology,0.014993756179056662,2,0.02857142857142857,"FREX: tait, esp, femme, fille, premi, dont, cette, rivi, leurs, fut | Prob: une, plus, tch, cette, chine, dont, aux, fut, ont, nom | Representative: Fragmens d'un voyage dans l'interieur de la Chine; Note sur quelques unes des recherches que l'on pourrait faire en Chine at au Japon au point de vue de la geologie et de la paleontologie; Jehol; Carte agricole generale de l'Empire Chinois. Texte preface, legende et repertoire"
15,7,Arts and Archaeology,0.0013202274123369634,0,0.0,"FREX: tait, esp, femme, fille, premi, dont, cette, rivi, leurs, fut | Prob: une, plus, tch, cette, chine, dont, aux, fut, ont, nom | Representative: Fragmens d'un voyage dans l'interieur de la Chine; Note sur quelques unes des recherches que l'on pourrait faire en Chine at au Japon au point de vue de la geologie et de la paleontologie; Jehol; Carte agricole generale de l'Empire Chinois. Texte preface, legende et repertoire"
15,7,Anthropology and Social Customs,0.001061146354031043,0,0.0,"FREX: tait, esp, femme, fille, premi, dont, cette, rivi, leurs, fut | Prob: une, plus, tch, cette, chine, dont, aux, fut, ont, nom | Representative: Fragmens d'un voyage dans l'interieur de la Chine; Note sur quelques unes des recherches que l'on pourrait faire en Chine at au Japon au point de vue de la geologie et de la paleontologie; Jehol; Carte agricole generale de l'Empire Chinois. Texte preface, legende et repertoire"
15,7,Education,0.0008717383755005128,0,0.0,"FREX: tait, esp, femme, fille, premi, dont, cette, rivi, leurs, fut | Prob: une, plus, tch, cette, chine, dont, aux, fut, ont, nom | Representative: Fragmens d'un voyage dans l'interieur de la Chine; Note sur quelques unes des recherches que l'on pourrait faire en Chine at au Japon au point de vue de la geologie et de la paleontologie; Jehol; Carte agricole generale de l'Empire Chinois. Texte preface, legende et repertoire"
15,7,Literature and Language,0.0006123148951674178,0,0.0,"FREX: tait, esp, femme, fille, premi, dont, cette, rivi, leurs, fut | Prob: une, plus, tch, cette, chine, dont, aux, fut, ont, nom | Representative: Fragmens d'un voyage dans l'interieur de la Chine; Note sur quelques unes des recherches que l'on pourrait faire en Chine at au Japon au point de vue de la geologie et de la paleontologie; Jehol; Carte agricole generale de l'Empire Chinois. Texte preface, legende et repertoire"
15,7,Religion and Philosophy,0.0005694184929782892,0,0.0,"FREX: tait, esp, femme, fille, premi, dont, cette, rivi, leurs, fut | Prob: une, plus, tch, cette, chine, dont, aux, fut, ont, nom | Representative: Fragmens d'un voyage dans l'interieur de la Chine; Note sur quelques unes des recherches que l'on pourrait faire en Chine at au Japon au point de vue de la geologie et de la paleontologie; Jehol; Carte agricole generale de l'Empire Chinois. Texte preface, legende et repertoire"
15,7,Military,8.734694177652935e-05,0,0.0,"FREX: tait, esp, femme, fille, premi, dont, cette, rivi, leurs, fut | Prob: une, plus, tch, cette, chine, dont, aux, fut, ont, nom | Representative: Fragmens d'un voyage dans l'interieur de la Chine; Note sur quelques unes des recherches que l'on pourrait faire en Chine at au Japon au point de vue de la geologie et de la paleontologie; Jehol; Carte agricole generale de l'Empire Chinois. Texte preface, legende et repertoire"
15,8,Religion and Philosophy,0.48508214948149975,72,0.9113924050632911,"FREX: virtue, destiny, moral, universe, heaven, confucius, mencius, lao_tzu, sage, doctrine | Prob: heaven, confucius, nature, things, king, world, earth, mind, human, spirit | Representative: Theistic import of the Sung philosophy, The; Wang - chung and Plato on death and immortality; Destiny, fate; Religious element in the Tso Chuan, The"
15,8,Education,0.20701110689906416,2,0.4,"FREX: virtue, destiny, moral, universe, heaven, confucius, mencius, lao_tzu, sage, doctrine | Prob: heaven, confucius, nature, things, king, world, earth, mind, human, spirit | Representative: Theistic import of the Sung philosophy, The; Wang - chung and Plato on death and immortality; Destiny, fate; Religious element in the Tso Chuan, The"
15,8,Unknown,0.15815217355311942,16,0.4444444444444444,"FREX: virtue, destiny, moral, universe, heaven, confucius, mencius, lao_tzu, sage, doctrine | Prob: heaven, confucius, nature, things, king, world, earth, mind, human, spirit | Representative: Theistic import of the Sung philosophy, The; Wang - chung and Plato on death and immortality; Destiny, fate; Religious element in the Tso Chuan, The"
15,8,"Politics, Government, and Law",0.14992450597432833,8,0.3333333333333333,"FREX: virtue, destiny, moral, universe, heaven, confucius, mencius, lao_tzu, sage, doctrine | Prob: heaven, confucius, nature, things, king, world, earth, mind, human, spirit | Representative: Theistic import of the Sung philosophy, The; Wang - chung and Plato on death and immortality; Destiny, fate; Religious element in the Tso Chuan, The"
15,8,Arts and Archaeology,0.1246038418698892,27,0.42857142857142855,"FREX: virtue, destiny, moral, universe, heaven, confucius, mencius, lao_tzu, sage, doctrine | Prob: heaven, confucius, nature, things, king, world, earth, mind, human, spirit | Representative: Theistic import of the Sung philosophy, The; Wang - chung and Plato on death and immortality; Destiny, fate; Religious element in the Tso Chuan, The"
15,8,Literature and Language,0.10088373413041002,24,0.42105263157894735,"FREX: virtue, destiny, moral, universe, heaven, confucius, mencius, lao_tzu, sage, doctrine | Prob: heaven, confucius, nature, things, king, world, earth, mind, human, spirit | Representative: Theistic import of the Sung philosophy, The; Wang - chung and Plato on death and immortality; Destiny, fate; Religious element in the Tso Chuan, The"
15,8,History and Chronology,0.09842233747961099,29,0.4142857142857143,"FREX: virtue, destiny, moral, universe, heaven, confucius, mencius, lao_tzu, sage, doctrine | Prob: heaven, confucius, nature, things, king, world, earth, mind, human, spirit | Representative: Theistic import of the Sung philosophy, The; Wang - chung and Plato on death and immortality; Destiny, fate; Religious element in the Tso Chuan, The"
15,8,Anthropology and Social Customs,0.09529370791356015,32,0.36363636363636365,"FREX: virtue, destiny, moral, universe, heaven, confucius, mencius, lao_tzu, sage, doctrine | Prob: heaven, confucius, nature, things, king, world, earth, mind, human, spirit | Representative: Theistic import of the Sung philosophy, The; Wang - chung and Plato on death and immortality; Destiny, fate; Religious element in the Tso Chuan, The"
15,8,Geography and Travel,0.0849666624683055,26,0.2988505747126437,"FREX: virtue, destiny, moral, universe, heaven, confucius, mencius, lao_tzu, sage, doctrine | Prob: heaven, confucius, nature, things, king, world, earth, mind, human, spirit | Representative: Theistic import of the Sung philosophy, The; Wang - chung and Plato on death and immortality; Destiny, fate; Religious element in the Tso Chuan, The"
15,8,"Economy, Trade, and Technology",0.04721365073532678,2,0.06060606060606061,"FREX: virtue, destiny, moral, universe, heaven, confucius, mencius, lao_tzu, sage, doctrine | Prob: heaven, confucius, nature, things, king, world, earth, mind, human, spirit | Representative: Theistic import of the Sung philosophy, The; Wang - chung and Plato on death and immortality; Destiny, fate; Religious element in the Tso Chuan, The"
15,8,Natural Sciences,0.012141688244320478,11,0.09649122807017543,"FREX: virtue, destiny, moral, universe, heaven, confucius, mencius, lao_tzu, sage, doctrine | Prob: heaven, confucius, nature, things, king, world, earth, mind, human, spirit | Representative: Theistic import of the Sung philosophy, The; Wang - chung and Plato on death and immortality; Destiny, fate; Religious element in the Tso Chuan, The"
15,8,Military,0.0016782749928157265,0,0.0,"FREX: virtue, destiny, moral, universe, heaven, confucius, mencius, lao_tzu, sage, doctrine | Prob: heaven, confucius, nature, things, king, world, earth, mind, human, spirit | Representative: Theistic import of the Sung philosophy, The; Wang - chung and Plato on death and immortality; Destiny, fate; Religious element in the Tso Chuan, The"
15,9,Anthropology and Social Customs,0.07934476484571708,16,0.18181818181818182,"FREX: tungus, goldi, reindeer, bithe, shaman, ibis, tibetan, orn, brit, buriats | Prob: tungus, manchu, northern, goldi, manchus, orn, groups, tibetan, tibet, russian | Representative: Northern Tungus migrations in the Far East; Who are the Northern Chinese ?; Asiatic origin of South American man, The; Sramana - Shaman"
15,9,Military,0.06134013502751991,1,0.5,"FREX: tungus, goldi, reindeer, bithe, shaman, ibis, tibetan, orn, brit, buriats | Prob: tungus, manchu, northern, goldi, manchus, orn, groups, tibetan, tibet, russian | Representative: Northern Tungus migrations in the Far East; Who are the Northern Chinese ?; Asiatic origin of South American man, The; Sramana - Shaman"
15,9,Unknown,0.05401501614634987,5,0.1388888888888889,"FREX: tungus, goldi, reindeer, bithe, shaman, ibis, tibetan, orn, brit, buriats | Prob: tungus, manchu, northern, goldi, manchus, orn, groups, tibetan, tibet, russian | Representative: Northern Tungus migrations in the Far East; Who are the Northern Chinese ?; Asiatic origin of South American man, The; Sramana - Shaman"
15,9,Natural Sciences,0.03084933802383309,13,0.11403508771929824,"FREX: tungus, goldi, reindeer, bithe, shaman, ibis, tibetan, orn, brit, buriats | Prob: tungus, manchu, northern, goldi, manchus, orn, groups, tibetan, tibet, russian | Representative: Northern Tungus migrations in the Far East; Who are the Northern Chinese ?; Asiatic origin of South American man, The; Sramana - Shaman"
15,9,Literature and Language,0.030446265908986553,7,0.12280701754385964,"FREX: tungus, goldi, reindeer, bithe, shaman, ibis, tibetan, orn, brit, buriats | Prob: tungus, manchu, northern, goldi, manchus, orn, groups, tibetan, tibet, russian | Representative: Northern Tungus migrations in the Far East; Who are the Northern Chinese ?; Asiatic origin of South American man, The; Sramana - Shaman"
15,9,Geography and Travel,0.022960035447164715,11,0.12643678160919541,"FREX: tungus, goldi, reindeer, bithe, shaman, ibis, tibetan, orn, brit, buriats | Prob: tungus, manchu, northern, goldi, manchus, orn, groups, tibetan, tibet, russian | Representative: Northern Tungus migrations in the Far East; Who are the Northern Chinese ?; Asiatic origin of South American man, The; Sramana - Shaman"
15,9,"Economy, Trade, and Technology",0.015268675075963014,1,0.030303030303030304,"FREX: tungus, goldi, reindeer, bithe, shaman, ibis, tibetan, orn, brit, buriats | Prob: tungus, manchu, northern, goldi, manchus, orn, groups, tibetan, tibet, russian | Representative: Northern Tungus migrations in the Far East; Who are the Northern Chinese ?; Asiatic origin of South American man, The; Sramana - Shaman"
15,9,Arts and Archaeology,0.01475912656952544,5,0.07936507936507936,"FREX: tungus, goldi, reindeer, bithe, shaman, ibis, tibetan, orn, brit, buriats | Prob: tungus, manchu, northern, goldi, manchus, orn, groups, tibetan, tibet, russian | Representative: Northern Tungus migrations in the Far East; Who are the Northern Chinese ?; Asiatic origin of South American man, The; Sramana - Shaman"
15,9,Religion and Philosophy,0.012207859118142643,2,0.02531645569620253,"FREX: tungus, goldi, reindeer, bithe, shaman, ibis, tibetan, orn, brit, buriats | Prob: tungus, manchu, northern, goldi, manchus, orn, groups, tibetan, tibet, russian | Representative: Northern Tungus migrations in the Far East; Who are the Northern Chinese ?; Asiatic origin of South American man, The; Sramana - Shaman"
15,9,Education,0.009008166979752047,0,0.0,"FREX: tungus, goldi, reindeer, bithe, shaman, ibis, tibetan, orn, brit, buriats | Prob: tungus, manchu, northern, goldi, manchus, orn, groups, tibetan, tibet, russian | Representative: Northern Tungus migrations in the Far East; Who are the Northern Chinese ?; Asiatic origin of South American man, The; Sramana - Shaman"
15,9,History and Chronology,0.008590621397384975,4,0.05714285714285714,"FREX: tungus, goldi, reindeer, bithe, shaman, ibis, tibetan, orn, brit, buriats | Prob: tungus, manchu, northern, goldi, manchus, orn, groups, tibetan, tibet, russian | Representative: Northern Tungus migrations in the Far East; Who are the Northern Chinese ?; Asiatic origin of South American man, The; Sramana - Shaman"
15,9,"Politics, Government, and Law",0.0032173273233023886,0,0.0,"FREX: tungus, goldi, reindeer, bithe, shaman, ibis, tibetan, orn, brit, buriats | Prob: tungus, manchu, northern, goldi, manchus, orn, groups, tibetan, tibet, russian | Representative: Northern Tungus migrations in the Far East; Who are the Northern Chinese ?; Asiatic origin of South American man, The; Sramana - Shaman"
15,10,Geography and Travel,0.281635149762881,56,0.6436781609195402,"FREX: limestone, miles, mile, channel, left_bank, coal, rocks, rock, right_bank, village | Prob: river, feet, miles, city, island, bank, hills, sea, shan, journey | Representative: Sailing directions for the Yang - tsze Kiang, from Woosung to Hankow; Notes on some dikes at the mouth of the Nankow pass *; Researches into the geology of Formosa *; Notes on Szechuen and the Yangtse valley"
15,10,Natural Sciences,0.24279635147926165,59,0.5175438596491229,"FREX: limestone, miles, mile, channel, left_bank, coal, rocks, rock, right_bank, village | Prob: river, feet, miles, city, island, bank, hills, sea, shan, journey | Representative: Sailing directions for the Yang - tsze Kiang, from Woosung to Hankow; Notes on some dikes at the mouth of the Nankow pass *; Researches into the geology of Formosa *; Notes on Szechuen and the Yangtse valley"
15,10,"Economy, Trade, and Technology",0.18576885614147692,15,0.45454545454545453,"FREX: limestone, miles, mile, channel, left_bank, coal, rocks, rock, right_bank, village | Prob: river, feet, miles, city, island, bank, hills, sea, shan, journey | Representative: Sailing directions for the Yang - tsze Kiang, from Woosung to Hankow; Notes on some dikes at the mouth of the Nankow pass *; Researches into the geology of Formosa *; Notes on Szechuen and the Yangtse valley"
15,10,Arts and Archaeology,0.0945839122796275,25,0.3968253968253968,"FREX: limestone, miles, mile, channel, left_bank, coal, rocks, rock, right_bank, village | Prob: river, feet, miles, city, island, bank, hills, sea, shan, journey | Representative: Sailing directions for the Yang - tsze Kiang, from Woosung to Hankow; Notes on some dikes at the mouth of the Nankow pass *; Researches into the geology of Formosa *; Notes on Szechuen and the Yangtse valley"
15,10,Anthropology and Social Customs,0.0769558428937021,23,0.26136363636363635,"FREX: limestone, miles, mile, channel, left_bank, coal, rocks, rock, right_bank, village | Prob: river, feet, miles, city, island, bank, hills, sea, shan, journey | Representative: Sailing directions for the Yang - tsze Kiang, from Woosung to Hankow; Notes on some dikes at the mouth of the Nankow pass *; Researches into the geology of Formosa *; Notes on Szechuen and the Yangtse valley"
15,10,Religion and Philosophy,0.04479399784943501,14,0.17721518987341772,"FREX: limestone, miles, mile, channel, left_bank, coal, rocks, rock, right_bank, village | Prob: river, feet, miles, city, island, bank, hills, sea, shan, journey | Representative: Sailing directions for the Yang - tsze Kiang, from Woosung to Hankow; Notes on some dikes at the mouth of the Nankow pass *; Researches into the geology of Formosa *; Notes on Szechuen and the Yangtse valley"
15,10,Literature and Language,0.04335283259720888,10,0.17543859649122806,"FREX: limestone, miles, mile, channel, left_bank, coal, rocks, rock, right_bank, village | Prob: river, feet, miles, city, island, bank, hills, sea, shan, journey | Representative: Sailing directions for the Yang - tsze Kiang, from Woosung to Hankow; Notes on some dikes at the mouth of the Nankow pass *; Researches into the geology of Formosa *; Notes on Szechuen and the Yangtse valley"
15,10,History and Chronology,0.038897494982805134,18,0.2571428571428571,"FREX: limestone, miles, mile, channel, left_bank, coal, rocks, rock, right_bank, village | Prob: river, feet, miles, city, island, bank, hills, sea, shan, journey | Representative: Sailing directions for the Yang - tsze Kiang, from Woosung to Hankow; Notes on some dikes at the mouth of the Nankow pass *; Researches into the geology of Formosa *; Notes on Szechuen and the Yangtse valley"
15,10,Unknown,0.03778929241811154,8,0.2222222222222222,"FREX: limestone, miles, mile, channel, left_bank, coal, rocks, rock, right_bank, village | Prob: river, feet, miles, city, island, bank, hills, sea, shan, journey | Representative: Sailing directions for the Yang - tsze Kiang, from Woosung to Hankow; Notes on some dikes at the mouth of the Nankow pass *; Researches into the geology of Formosa *; Notes on Szechuen and the Yangtse valley"
15,10,Education,0.025656542133305215,1,0.2,"FREX: limestone, miles, mile, channel, left_bank, coal, rocks, rock, right_bank, village | Prob: river, feet, miles, city, island, bank, hills, sea, shan, journey | Representative: Sailing directions for the Yang - tsze Kiang, from Woosung to Hankow; Notes on some dikes at the mouth of the Nankow pass *; Researches into the geology of Formosa *; Notes on Szechuen and the Yangtse valley"
15,10,Military,0.019647960422758834,0,0.0,"FREX: limestone, miles, mile, channel, left_bank, coal, rocks, rock, right_bank, village | Prob: river, feet, miles, city, island, bank, hills, sea, shan, journey | Representative: Sailing directions for the Yang - tsze Kiang, from Woosung to Hankow; Notes on some dikes at the mouth of the Nankow pass *; Researches into the geology of Formosa *; Notes on Szechuen and the Yangtse valley"
15,10,"Politics, Government, and Law",0.007172806262120093,1,0.041666666666666664,"FREX: limestone, miles, mile, channel, left_bank, coal, rocks, rock, right_bank, village | Prob: river, feet, miles, city, island, bank, hills, sea, shan, journey | Representative: Sailing directions for the Yang - tsze Kiang, from Woosung to Hankow; Notes on some dikes at the mouth of the Nankow pass *; Researches into the geology of Formosa *; Notes on Szechuen and the Yangtse valley"
15,11,Military,0.14805995519693885,2,1.0,"FREX: shih, ssu, tombs, chien, fei, huang, chih, wang, kuei, hsiang | Prob: emperor, shih, wang, ming, han, ang, yuan, yang, chi, ien | Representative: Notes on Chinese Mohammedan Literature; The Wu Pan tablet; Political parties of the Northern Sung Dynasty; Table of the Emperors of the Yuan Dynasty, A"
15,11,Literature and Language,0.13350727638848053,34,0.5964912280701754,"FREX: shih, ssu, tombs, chien, fei, huang, chih, wang, kuei, hsiang | Prob: emperor, shih, wang, ming, han, ang, yuan, yang, chi, ien | Representative: Notes on Chinese Mohammedan Literature; The Wu Pan tablet; Political parties of the Northern Sung Dynasty; Table of the Emperors of the Yuan Dynasty, A"
15,11,Arts and Archaeology,0.12967610106684951,30,0.47619047619047616,"FREX: shih, ssu, tombs, chien, fei, huang, chih, wang, kuei, hsiang | Prob: emperor, shih, wang, ming, han, ang, yuan, yang, chi, ien | Representative: Notes on Chinese Mohammedan Literature; The Wu Pan tablet; Political parties of the Northern Sung Dynasty; Table of the Emperors of the Yuan Dynasty, A"
15,11,Unknown,0.11748511252726164,13,0.3611111111111111,"FREX: shih, ssu, tombs, chien, fei, huang, chih, wang, kuei, hsiang | Prob: emperor, shih, wang, ming, han, ang, yuan, yang, chi, ien | Representative: Notes on Chinese Mohammedan Literature; The Wu Pan tablet; Political parties of the Northern Sung Dynasty; Table of the Emperors of the Yuan Dynasty, A"
15,11,History and Chronology,0.10856266113556248,34,0.4857142857142857,"FREX: shih, ssu, tombs, chien, fei, huang, chih, wang, kuei, hsiang | Prob: emperor, shih, wang, ming, han, ang, yuan, yang, chi, ien | Representative: Notes on Chinese Mohammedan Literature; The Wu Pan tablet; Political parties of the Northern Sung Dynasty; Table of the Emperors of the Yuan Dynasty, A"
15,11,Religion and Philosophy,0.10412986888885595,45,0.569620253164557,"FREX: shih, ssu, tombs, chien, fei, huang, chih, wang, kuei, hsiang | Prob: emperor, shih, wang, ming, han, ang, yuan, yang, chi, ien | Representative: Notes on Chinese Mohammedan Literature; The Wu Pan tablet; Political parties of the Northern Sung Dynasty; Table of the Emperors of the Yuan Dynasty, A"
15,11,"Politics, Government, and Law",0.08296795946535221,7,0.2916666666666667,"FREX: shih, ssu, tombs, chien, fei, huang, chih, wang, kuei, hsiang | Prob: emperor, shih, wang, ming, han, ang, yuan, yang, chi, ien | Representative: Notes on Chinese Mohammedan Literature; The Wu Pan tablet; Political parties of the Northern Sung Dynasty; Table of the Emperors of the Yuan Dynasty, A"
15,11,Geography and Travel,0.07765059735734141,35,0.40229885057471265,"FREX: shih, ssu, tombs, chien, fei, huang, chih, wang, kuei, hsiang | Prob: emperor, shih, wang, ming, han, ang, yuan, yang, chi, ien | Representative: Notes on Chinese Mohammedan Literature; The Wu Pan tablet; Political parties of the Northern Sung Dynasty; Table of the Emperors of the Yuan Dynasty, A"
15,11,Education,0.07121592027512857,2,0.4,"FREX: shih, ssu, tombs, chien, fei, huang, chih, wang, kuei, hsiang | Prob: emperor, shih, wang, ming, han, ang, yuan, yang, chi, ien | Representative: Notes on Chinese Mohammedan Literature; The Wu Pan tablet; Political parties of the Northern Sung Dynasty; Table of the Emperors of the Yuan Dynasty, A"
15,11,Anthropology and Social Customs,0.0658825797952723,24,0.2727272727272727,"FREX: shih, ssu, tombs, chien, fei, huang, chih, wang, kuei, hsiang | Prob: emperor, shih, wang, ming, han, ang, yuan, yang, chi, ien | Representative: Notes on Chinese Mohammedan Literature; The Wu Pan tablet; Political parties of the Northern Sung Dynasty; Table of the Emperors of the Yuan Dynasty, A"
15,11,"Economy, Trade, and Technology",0.04979440325848427,9,0.2727272727272727,"FREX: shih, ssu, tombs, chien, fei, huang, chih, wang, kuei, hsiang | Prob: emperor, shih, wang, ming, han, ang, yuan, yang, chi, ien | Representative: Notes on Chinese Mohammedan Literature; The Wu Pan tablet; Political parties of the Northern Sung Dynasty; Table of the Emperors of the Yuan Dynasty, A"
15,11,Natural Sciences,0.026773915970917855,18,0.15789473684210525,"FREX: shih, ssu, tombs, chien, fei, huang, chih, wang, kuei, hsiang | Prob: emperor, shih, wang, ming, han, ang, yuan, yang, chi, ien | Representative: Notes on Chinese Mohammedan Literature; The Wu Pan tablet; Political parties of the Northern Sung Dynasty; Table of the Emperors of the Yuan Dynasty, A"
15,12,"Politics, Government, and Law",0.33575735902053844,16,0.6666666666666666,"FREX: guild, tael, chinese_law, retrospect, guilds, magistrate, code, legal, british, bottles | Prob: shanghai, government, foreign, silver, law, money, value, gold, trade, cash | Representative: Scarcity of copper cash and the rise in prices; Notes on Chinese banking system in Shanghai; Chinese guilds or chambers of commerce and trades unions; The Hoppo - book of 1753"
15,12,"Economy, Trade, and Technology",0.29093161609087587,24,0.7272727272727273,"FREX: guild, tael, chinese_law, retrospect, guilds, magistrate, code, legal, british, bottles | Prob: shanghai, government, foreign, silver, law, money, value, gold, trade, cash | Representative: Scarcity of copper cash and the rise in prices; Notes on Chinese banking system in Shanghai; Chinese guilds or chambers of commerce and trades unions; The Hoppo - book of 1753"
15,12,History and Chronology,0.1281407229265811,28,0.4,"FREX: guild, tael, chinese_law, retrospect, guilds, magistrate, code, legal, british, bottles | Prob: shanghai, government, foreign, silver, law, money, value, gold, trade, cash | Representative: Scarcity of copper cash and the rise in prices; Notes on Chinese banking system in Shanghai; Chinese guilds or chambers of commerce and trades unions; The Hoppo - book of 1753"
15,12,Military,0.1158794115420458,1,0.5,"FREX: guild, tael, chinese_law, retrospect, guilds, magistrate, code, legal, british, bottles | Prob: shanghai, government, foreign, silver, law, money, value, gold, trade, cash | Representative: Scarcity of copper cash and the rise in prices; Notes on Chinese banking system in Shanghai; Chinese guilds or chambers of commerce and trades unions; The Hoppo - book of 1753"
15,12,Education,0.10741084690165097,4,0.8,"FREX: guild, tael, chinese_law, retrospect, guilds, magistrate, code, legal, british, bottles | Prob: shanghai, government, foreign, silver, law, money, value, gold, trade, cash | Representative: Scarcity of copper cash and the rise in prices; Notes on Chinese banking system in Shanghai; Chinese guilds or chambers of commerce and trades unions; The Hoppo - book of 1753"
15,12,Natural Sciences,0.09964003010768997,36,0.3157894736842105,"FREX: guild, tael, chinese_law, retrospect, guilds, magistrate, code, legal, british, bottles | Prob: shanghai, government, foreign, silver, law, money, value, gold, trade, cash | Representative: Scarcity of copper cash and the rise in prices; Notes on Chinese banking system in Shanghai; Chinese guilds or chambers of commerce and trades unions; The Hoppo - book of 1753"
15,12,Arts and Archaeology,0.08209723744504213,11,0.1746031746031746,"FREX: guild, tael, chinese_law, retrospect, guilds, magistrate, code, legal, british, bottles | Prob: shanghai, government, foreign, silver, law, money, value, gold, trade, cash | Representative: Scarcity of copper cash and the rise in prices; Notes on Chinese banking system in Shanghai; Chinese guilds or chambers of commerce and trades unions; The Hoppo - book of 1753"
15,12,Literature and Language,0.07353534150124516,14,0.24561403508771928,"FREX: guild, tael, chinese_law, retrospect, guilds, magistrate, code, legal, british, bottles | Prob: shanghai, government, foreign, silver, law, money, value, gold, trade, cash | Representative: Scarcity of copper cash and the rise in prices; Notes on Chinese banking system in Shanghai; Chinese guilds or chambers of commerce and trades unions; The Hoppo - book of 1753"
15,12,Unknown,0.05911212322439755,12,0.3333333333333333,"FREX: guild, tael, chinese_law, retrospect, guilds, magistrate, code, legal, british, bottles | Prob: shanghai, government, foreign, silver, law, money, value, gold, trade, cash | Representative: Scarcity of copper cash and the rise in prices; Notes on Chinese banking system in Shanghai; Chinese guilds or chambers of commerce and trades unions; The Hoppo - book of 1753"
15,12,Anthropology and Social Customs,0.04952210783457687,20,0.22727272727272727,"FREX: guild, tael, chinese_law, retrospect, guilds, magistrate, code, legal, british, bottles | Prob: shanghai, government, foreign, silver, law, money, value, gold, trade, cash | Representative: Scarcity of copper cash and the rise in prices; Notes on Chinese banking system in Shanghai; Chinese guilds or chambers of commerce and trades unions; The Hoppo - book of 1753"
15,12,Geography and Travel,0.0461912397478557,23,0.26436781609195403,"FREX: guild, tael, chinese_law, retrospect, guilds, magistrate, code, legal, british, bottles | Prob: shanghai, government, foreign, silver, law, money, value, gold, trade, cash | Representative: Scarcity of copper cash and the rise in prices; Notes on Chinese banking system in Shanghai; Chinese guilds or chambers of commerce and trades unions; The Hoppo - book of 1753"
15,12,Religion and Philosophy,0.014896087134594648,4,0.05063291139240506,"FREX: guild, tael, chinese_law, retrospect, guilds, magistrate, code, legal, british, bottles | Prob: shanghai, government, foreign, silver, law, money, value, gold, trade, cash | Representative: Scarcity of copper cash and the rise in prices; Notes on Chinese banking system in Shanghai; Chinese guilds or chambers of commerce and trades unions; The Hoppo - book of 1753"
15,13,Anthropology and Social Customs,0.2528281447389429,50,0.5681818181818182,"FREX: husband, wife, eunuchs, girl, children, marriage, child, girls, marry, woman | Prob: family, wife, children, son, father, women, death, shall, husband, law | Representative: Family law of the Chinese, The; Marriage maker, The; The Family law of the Chinese and its comparative relations with that of other nations; Yu - li or Precious Records, The *"
15,13,Literature and Language,0.23516848912365368,30,0.5263157894736842,"FREX: husband, wife, eunuchs, girl, children, marriage, child, girls, marry, woman | Prob: family, wife, children, son, father, women, death, shall, husband, law | Representative: Family law of the Chinese, The; Marriage maker, The; The Family law of the Chinese and its comparative relations with that of other nations; Yu - li or Precious Records, The *"
15,13,"Politics, Government, and Law",0.19594748413485485,12,0.5,"FREX: husband, wife, eunuchs, girl, children, marriage, child, girls, marry, woman | Prob: family, wife, children, son, father, women, death, shall, husband, law | Representative: Family law of the Chinese, The; Marriage maker, The; The Family law of the Chinese and its comparative relations with that of other nations; Yu - li or Precious Records, The *"
15,13,Unknown,0.09868224025188767,12,0.3333333333333333,"FREX: husband, wife, eunuchs, girl, children, marriage, child, girls, marry, woman | Prob: family, wife, children, son, father, women, death, shall, husband, law | Representative: Family law of the Chinese, The; Marriage maker, The; The Family law of the Chinese and its comparative relations with that of other nations; Yu - li or Precious Records, The *"
15,13,Religion and Philosophy,0.09378218207634878,29,0.3670886075949367,"FREX: husband, wife, eunuchs, girl, children, marriage, child, girls, marry, woman | Prob: family, wife, children, son, father, women, death, shall, husband, law | Representative: Family law of the Chinese, The; Marriage maker, The; The Family law of the Chinese and its comparative relations with that of other nations; Yu - li or Precious Records, The *"
15,13,Geography and Travel,0.07432291755649709,36,0.41379310344827586,"FREX: husband, wife, eunuchs, girl, children, marriage, child, girls, marry, woman | Prob: family, wife, children, son, father, women, death, shall, husband, law | Representative: Family law of the Chinese, The; Marriage maker, The; The Family law of the Chinese and its comparative relations with that of other nations; Yu - li or Precious Records, The *"
15,13,History and Chronology,0.06447504814781922,23,0.32857142857142857,"FREX: husband, wife, eunuchs, girl, children, marriage, child, girls, marry, woman | Prob: family, wife, children, son, father, women, death, shall, husband, law | Representative: Family law of the Chinese, The; Marriage maker, The; The Family law of the Chinese and its comparative relations with that of other nations; Yu - li or Precious Records, The *"
15,13,Arts and Archaeology,0.04267452998472546,10,0.15873015873015872,"FREX: husband, wife, eunuchs, girl, children, marriage, child, girls, marry, woman | Prob: family, wife, children, son, father, women, death, shall, husband, law | Representative: Family law of the Chinese, The; Marriage maker, The; The Family law of the Chinese and its comparative relations with that of other nations; Yu - li or Precious Records, The *"
15,13,"Economy, Trade, and Technology",0.03492103911609928,5,0.15151515151515152,"FREX: husband, wife, eunuchs, girl, children, marriage, child, girls, marry, woman | Prob: family, wife, children, son, father, women, death, shall, husband, law | Representative: Family law of the Chinese, The; Marriage maker, The; The Family law of the Chinese and its comparative relations with that of other nations; Yu - li or Precious Records, The *"
15,13,Natural Sciences,0.026416834528553146,17,0.14912280701754385,"FREX: husband, wife, eunuchs, girl, children, marriage, child, girls, marry, woman | Prob: family, wife, children, son, father, women, death, shall, husband, law | Representative: Family law of the Chinese, The; Marriage maker, The; The Family law of the Chinese and its comparative relations with that of other nations; Yu - li or Precious Records, The *"
15,13,Education,0.00922225491589819,0,0.0,"FREX: husband, wife, eunuchs, girl, children, marriage, child, girls, marry, woman | Prob: family, wife, children, son, father, women, death, shall, husband, law | Representative: Family law of the Chinese, The; Marriage maker, The; The Family law of the Chinese and its comparative relations with that of other nations; Yu - li or Precious Records, The *"
15,13,Military,0.009184268030257235,0,0.0,"FREX: husband, wife, eunuchs, girl, children, marriage, child, girls, marry, woman | Prob: family, wife, children, son, father, women, death, shall, husband, law | Representative: Family law of the Chinese, The; Marriage maker, The; The Family law of the Chinese and its comparative relations with that of other nations; Yu - li or Precious Records, The *"
15,14,Education,0.25497299047345967,3,0.6,"FREX: portuguese, treaty, bishop, commissioners, ships, ward, dutch, forts, cannon, ministers | Prob: sent, emperor, board, king, japanese, peking, japan, soon, english, government | Representative: Wei - ch ' i *; Chinese chess *; Narrative of the American Embassy to Peking; Some new light on the life and times of Bishop Della Chiesa"
15,14,History and Chronology,0.17073414817391908,36,0.5142857142857142,"FREX: portuguese, treaty, bishop, commissioners, ships, ward, dutch, forts, cannon, ministers | Prob: sent, emperor, board, king, japanese, peking, japan, soon, english, government | Representative: Wei - ch ' i *; Chinese chess *; Narrative of the American Embassy to Peking; Some new light on the life and times of Bishop Della Chiesa"
15,14,Geography and Travel,0.11376467484172377,33,0.3793103448275862,"FREX: portuguese, treaty, bishop, commissioners, ships, ward, dutch, forts, cannon, ministers | Prob: sent, emperor, board, king, japanese, peking, japan, soon, english, government | Representative: Wei - ch ' i *; Chinese chess *; Narrative of the American Embassy to Peking; Some new light on the life and times of Bishop Della Chiesa"
15,14,Unknown,0.0900640619603357,11,0.3055555555555556,"FREX: portuguese, treaty, bishop, commissioners, ships, ward, dutch, forts, cannon, ministers | Prob: sent, emperor, board, king, japanese, peking, japan, soon, english, government | Representative: Wei - ch ' i *; Chinese chess *; Narrative of the American Embassy to Peking; Some new light on the life and times of Bishop Della Chiesa"
15,14,Anthropology and Social Customs,0.08120990254983429,20,0.22727272727272727,"FREX: portuguese, treaty, bishop, commissioners, ships, ward, dutch, forts, cannon, ministers | Prob: sent, emperor, board, king, japanese, peking, japan, soon, english, government | Representative: Wei - ch ' i *; Chinese chess *; Narrative of the American Embassy to Peking; Some new light on the life and times of Bishop Della Chiesa"
15,14,Religion and Philosophy,0.05026815005503607,13,0.16455696202531644,"FREX: portuguese, treaty, bishop, commissioners, ships, ward, dutch, forts, cannon, ministers | Prob: sent, emperor, board, king, japanese, peking, japan, soon, english, government | Representative: Wei - ch ' i *; Chinese chess *; Narrative of the American Embassy to Peking; Some new light on the life and times of Bishop Della Chiesa"
15,14,Military,0.04466574098186,1,0.5,"FREX: portuguese, treaty, bishop, commissioners, ships, ward, dutch, forts, cannon, ministers | Prob: sent, emperor, board, king, japanese, peking, japan, soon, english, government | Representative: Wei - ch ' i *; Chinese chess *; Narrative of the American Embassy to Peking; Some new light on the life and times of Bishop Della Chiesa"
15,14,Natural Sciences,0.03355027032211426,16,0.14035087719298245,"FREX: portuguese, treaty, bishop, commissioners, ships, ward, dutch, forts, cannon, ministers | Prob: sent, emperor, board, king, japanese, peking, japan, soon, english, government | Representative: Wei - ch ' i *; Chinese chess *; Narrative of the American Embassy to Peking; Some new light on the life and times of Bishop Della Chiesa"
15,14,Literature and Language,0.028536975935740696,10,0.17543859649122806,"FREX: portuguese, treaty, bishop, commissioners, ships, ward, dutch, forts, cannon, ministers | Prob: sent, emperor, board, king, japanese, peking, japan, soon, english, government | Representative: Wei - ch ' i *; Chinese chess *; Narrative of the American Embassy to Peking; Some new light on the life and times of Bishop Della Chiesa"
15,14,"Economy, Trade, and Technology",0.028238225163375763,4,0.12121212121212122,"FREX: portuguese, treaty, bishop, commissioners, ships, ward, dutch, forts, cannon, ministers | Prob: sent, emperor, board, king, japanese, peking, japan, soon, english, government | Representative: Wei - ch ' i *; Chinese chess *; Narrative of the American Embassy to Peking; Some new light on the life and times of Bishop Della Chiesa"
15,14,"Politics, Government, and Law",0.01846539897642849,4,0.16666666666666666,"FREX: portuguese, treaty, bishop, commissioners, ships, ward, dutch, forts, cannon, ministers | Prob: sent, emperor, board, king, japanese, peking, japan, soon, english, government | Representative: Wei - ch ' i *; Chinese chess *; Narrative of the American Embassy to Peking; Some new light on the life and times of Bishop Della Chiesa"
15,14,Arts and Archaeology,0.012475979877457587,5,0.07936507936507936,"FREX: portuguese, treaty, bishop, commissioners, ships, ward, dutch, forts, cannon, ministers | Prob: sent, emperor, board, king, japanese, peking, japan, soon, english, government | Representative: Wei - ch ' i *; Chinese chess *; Narrative of the American Embassy to Peking; Some new light on the life and times of Bishop Della Chiesa"
