decade,model,K,topic_id,mean_topic_proportion,article_count,article_coverage,topic_words,topic_label
1850,stm,20,0,0.0772643383760332,5,0.1515151515151515,"styan, kiangyin, swinhoe, alligator, genus, chinkiang, pall, flying_fish","FREX: styan, kiangyin, swinhoe, alligator, genus, chinkiang, pall, flying_fish, temm, bird | Prob: genus, species, birds, bird, chinkiang, winter, family, fish, styan, black | Representative: Collection of birds in the Shanghai Museum, The; Collection of Chinese reptiles in the Shanghai Museum, The; Notes on some new species of birds found on the island of Formosa; Some notes on land - birds, including also general remarks on the birds observed at sea on the coast of China in 1916"
1860,stm,20,0,0.0259474248253418,3,0.0576923076923076,"styan, kiangyin, swinhoe, alligator, genus, chinkiang, pall, flying_fish","FREX: styan, kiangyin, swinhoe, alligator, genus, chinkiang, pall, flying_fish, temm, bird | Prob: genus, species, birds, bird, chinkiang, winter, family, fish, styan, black | Representative: Collection of birds in the Shanghai Museum, The; Collection of Chinese reptiles in the Shanghai Museum, The; Notes on some new species of birds found on the island of Formosa; Some notes on land - birds, including also general remarks on the birds observed at sea on the coast of China in 1916"
1870,stm,20,0,0.0150987658762788,3,0.0491803278688524,"styan, kiangyin, swinhoe, alligator, genus, chinkiang, pall, flying_fish","FREX: styan, kiangyin, swinhoe, alligator, genus, chinkiang, pall, flying_fish, temm, bird | Prob: genus, species, birds, bird, chinkiang, winter, family, fish, styan, black | Representative: Collection of birds in the Shanghai Museum, The; Collection of Chinese reptiles in the Shanghai Museum, The; Notes on some new species of birds found on the island of Formosa; Some notes on land - birds, including also general remarks on the birds observed at sea on the coast of China in 1916"
1880,stm,20,0,0.0038842125514004,1,0.0120481927710843,"styan, kiangyin, swinhoe, alligator, genus, chinkiang, pall, flying_fish","FREX: styan, kiangyin, swinhoe, alligator, genus, chinkiang, pall, flying_fish, temm, bird | Prob: genus, species, birds, bird, chinkiang, winter, family, fish, styan, black | Representative: Collection of birds in the Shanghai Museum, The; Collection of Chinese reptiles in the Shanghai Museum, The; Notes on some new species of birds found on the island of Formosa; Some notes on land - birds, including also general remarks on the birds observed at sea on the coast of China in 1916"
1890,stm,20,0,0.0031568584313534,2,0.0526315789473684,"styan, kiangyin, swinhoe, alligator, genus, chinkiang, pall, flying_fish","FREX: styan, kiangyin, swinhoe, alligator, genus, chinkiang, pall, flying_fish, temm, bird | Prob: genus, species, birds, bird, chinkiang, winter, family, fish, styan, black | Representative: Collection of birds in the Shanghai Museum, The; Collection of Chinese reptiles in the Shanghai Museum, The; Notes on some new species of birds found on the island of Formosa; Some notes on land - birds, including also general remarks on the birds observed at sea on the coast of China in 1916"
1900,stm,20,0,0.0345120673734711,1,0.0333333333333333,"styan, kiangyin, swinhoe, alligator, genus, chinkiang, pall, flying_fish","FREX: styan, kiangyin, swinhoe, alligator, genus, chinkiang, pall, flying_fish, temm, bird | Prob: genus, species, birds, bird, chinkiang, winter, family, fish, styan, black | Representative: Collection of birds in the Shanghai Museum, The; Collection of Chinese reptiles in the Shanghai Museum, The; Notes on some new species of birds found on the island of Formosa; Some notes on land - birds, including also general remarks on the birds observed at sea on the coast of China in 1916"
1910,stm,20,0,0.0817345829107333,15,0.1612903225806451,"styan, kiangyin, swinhoe, alligator, genus, chinkiang, pall, flying_fish","FREX: styan, kiangyin, swinhoe, alligator, genus, chinkiang, pall, flying_fish, temm, bird | Prob: genus, species, birds, bird, chinkiang, winter, family, fish, styan, black | Representative: Collection of birds in the Shanghai Museum, The; Collection of Chinese reptiles in the Shanghai Museum, The; Notes on some new species of birds found on the island of Formosa; Some notes on land - birds, including also general remarks on the birds observed at sea on the coast of China in 1916"
1920,stm,20,0,0.0075047752239156,4,0.032520325203252,"styan, kiangyin, swinhoe, alligator, genus, chinkiang, pall, flying_fish","FREX: styan, kiangyin, swinhoe, alligator, genus, chinkiang, pall, flying_fish, temm, bird | Prob: genus, species, birds, bird, chinkiang, winter, family, fish, styan, black | Representative: Collection of birds in the Shanghai Museum, The; Collection of Chinese reptiles in the Shanghai Museum, The; Notes on some new species of birds found on the island of Formosa; Some notes on land - birds, including also general remarks on the birds observed at sea on the coast of China in 1916"
1930,stm,20,0,0.028555987019633,1,0.0416666666666666,"styan, kiangyin, swinhoe, alligator, genus, chinkiang, pall, flying_fish","FREX: styan, kiangyin, swinhoe, alligator, genus, chinkiang, pall, flying_fish, temm, bird | Prob: genus, species, birds, bird, chinkiang, winter, family, fish, styan, black | Representative: Collection of birds in the Shanghai Museum, The; Collection of Chinese reptiles in the Shanghai Museum, The; Notes on some new species of birds found on the island of Formosa; Some notes on land - birds, including also general remarks on the birds observed at sea on the coast of China in 1916"
1940,stm,20,0,0.00011455807388017418,0,0.0,"styan, kiangyin, swinhoe, alligator, genus, chinkiang, pall, flying_fish","FREX: styan, kiangyin, swinhoe, alligator, genus, chinkiang, pall, flying_fish, temm, bird | Prob: genus, species, birds, bird, chinkiang, winter, family, fish, styan, black | Representative: Collection of birds in the Shanghai Museum, The; Collection of Chinese reptiles in the Shanghai Museum, The; Notes on some new species of birds found on the island of Formosa; Some notes on land - birds, including also general remarks on the birds observed at sea on the coast of China in 1916"
1850,stm,20,1,0.00016211855315639555,0,0.0,"lour, china_cochin, linn, danes, folio, tab, foliis, martini","FREX: lour, china_cochin, linn, danes, folio, tab, foliis, martini, osbeck, chusan | Prob: lour, linn, sin, cochin, canton, tab, plant, china_cochin, plants, folio | Representative: Early European researches into the flora of China; Contribution to the nomenclature of Chinese plants; Chinese names of plants; Bamboos in China"
1860,stm,20,1,0.0006586497733322779,0,0.0,"lour, china_cochin, linn, danes, folio, tab, foliis, martini","FREX: lour, china_cochin, linn, danes, folio, tab, foliis, martini, osbeck, chusan | Prob: lour, linn, sin, cochin, canton, tab, plant, china_cochin, plants, folio | Representative: Early European researches into the flora of China; Contribution to the nomenclature of Chinese plants; Chinese names of plants; Bamboos in China"
1870,stm,20,1,0.000581287715684183,0,0.0,"lour, china_cochin, linn, danes, folio, tab, foliis, martini","FREX: lour, china_cochin, linn, danes, folio, tab, foliis, martini, osbeck, chusan | Prob: lour, linn, sin, cochin, canton, tab, plant, china_cochin, plants, folio | Representative: Early European researches into the flora of China; Contribution to the nomenclature of Chinese plants; Chinese names of plants; Bamboos in China"
1880,stm,20,1,0.0378172841080139,4,0.0481927710843373,"lour, china_cochin, linn, danes, folio, tab, foliis, martini","FREX: lour, china_cochin, linn, danes, folio, tab, foliis, martini, osbeck, chusan | Prob: lour, linn, sin, cochin, canton, tab, plant, china_cochin, plants, folio | Representative: Early European researches into the flora of China; Contribution to the nomenclature of Chinese plants; Chinese names of plants; Bamboos in China"
1890,stm,20,1,3.772524304296285e-05,0,0.0,"lour, china_cochin, linn, danes, folio, tab, foliis, martini","FREX: lour, china_cochin, linn, danes, folio, tab, foliis, martini, osbeck, chusan | Prob: lour, linn, sin, cochin, canton, tab, plant, china_cochin, plants, folio | Representative: Early European researches into the flora of China; Contribution to the nomenclature of Chinese plants; Chinese names of plants; Bamboos in China"
1900,stm,20,1,0.0319320787803148,1,0.0333333333333333,"lour, china_cochin, linn, danes, folio, tab, foliis, martini","FREX: lour, china_cochin, linn, danes, folio, tab, foliis, martini, osbeck, chusan | Prob: lour, linn, sin, cochin, canton, tab, plant, china_cochin, plants, folio | Representative: Early European researches into the flora of China; Contribution to the nomenclature of Chinese plants; Chinese names of plants; Bamboos in China"
1910,stm,20,1,0.0003775752992916407,0,0.0,"lour, china_cochin, linn, danes, folio, tab, foliis, martini","FREX: lour, china_cochin, linn, danes, folio, tab, foliis, martini, osbeck, chusan | Prob: lour, linn, sin, cochin, canton, tab, plant, china_cochin, plants, folio | Representative: Early European researches into the flora of China; Contribution to the nomenclature of Chinese plants; Chinese names of plants; Bamboos in China"
1920,stm,20,1,4.00437522079803e-05,0,0.0,"lour, china_cochin, linn, danes, folio, tab, foliis, martini","FREX: lour, china_cochin, linn, danes, folio, tab, foliis, martini, osbeck, chusan | Prob: lour, linn, sin, cochin, canton, tab, plant, china_cochin, plants, folio | Representative: Early European researches into the flora of China; Contribution to the nomenclature of Chinese plants; Chinese names of plants; Bamboos in China"
1930,stm,20,1,0.0021499269585818,0,0.0,"lour, china_cochin, linn, danes, folio, tab, foliis, martini","FREX: lour, china_cochin, linn, danes, folio, tab, foliis, martini, osbeck, chusan | Prob: lour, linn, sin, cochin, canton, tab, plant, china_cochin, plants, folio | Representative: Early European researches into the flora of China; Contribution to the nomenclature of Chinese plants; Chinese names of plants; Bamboos in China"
1940,stm,20,1,1.3925648729394634e-06,0,0.0,"lour, china_cochin, linn, danes, folio, tab, foliis, martini","FREX: lour, china_cochin, linn, danes, folio, tab, foliis, martini, osbeck, chusan | Prob: lour, linn, sin, cochin, canton, tab, plant, china_cochin, plants, folio | Representative: Early European researches into the flora of China; Contribution to the nomenclature of Chinese plants; Chinese names of plants; Bamboos in China"
1850,stm,20,2,0.0717810779894626,4,0.1212121212121212,"magnetic, temperature, victoria, magnetism, amoor, vapour, eastern_asia, continent","FREX: magnetic, temperature, victoria, magnetism, amoor, vapour, eastern_asia, continent, currents, nerchinsk | Prob: temperature, mean, asia, eastern, annual, sea, peking, observations, eastern_asia, table | Representative: The Climate of Eastern Asia; Meteorological observations, April - December 1872; Periodical change of terrestrial magnetism *; Meteorological tables, from observations made in Japan"
1860,stm,20,2,0.0181767996603378,5,0.0961538461538461,"magnetic, temperature, victoria, magnetism, amoor, vapour, eastern_asia, continent","FREX: magnetic, temperature, victoria, magnetism, amoor, vapour, eastern_asia, continent, currents, nerchinsk | Prob: temperature, mean, asia, eastern, annual, sea, peking, observations, eastern_asia, table | Representative: The Climate of Eastern Asia; Meteorological observations, April - December 1872; Periodical change of terrestrial magnetism *; Meteorological tables, from observations made in Japan"
1870,stm,20,2,0.0640990727944972,5,0.081967213114754,"magnetic, temperature, victoria, magnetism, amoor, vapour, eastern_asia, continent","FREX: magnetic, temperature, victoria, magnetism, amoor, vapour, eastern_asia, continent, currents, nerchinsk | Prob: temperature, mean, asia, eastern, annual, sea, peking, observations, eastern_asia, table | Representative: The Climate of Eastern Asia; Meteorological observations, April - December 1872; Periodical change of terrestrial magnetism *; Meteorological tables, from observations made in Japan"
1880,stm,20,2,0.0061476416440982,3,0.036144578313253,"magnetic, temperature, victoria, magnetism, amoor, vapour, eastern_asia, continent","FREX: magnetic, temperature, victoria, magnetism, amoor, vapour, eastern_asia, continent, currents, nerchinsk | Prob: temperature, mean, asia, eastern, annual, sea, peking, observations, eastern_asia, table | Representative: The Climate of Eastern Asia; Meteorological observations, April - December 1872; Periodical change of terrestrial magnetism *; Meteorological tables, from observations made in Japan"
1890,stm,20,2,0.0029005048985708,0,0.0,"magnetic, temperature, victoria, magnetism, amoor, vapour, eastern_asia, continent","FREX: magnetic, temperature, victoria, magnetism, amoor, vapour, eastern_asia, continent, currents, nerchinsk | Prob: temperature, mean, asia, eastern, annual, sea, peking, observations, eastern_asia, table | Representative: The Climate of Eastern Asia; Meteorological observations, April - December 1872; Periodical change of terrestrial magnetism *; Meteorological tables, from observations made in Japan"
1900,stm,20,2,0.0011169096789493,0,0.0,"magnetic, temperature, victoria, magnetism, amoor, vapour, eastern_asia, continent","FREX: magnetic, temperature, victoria, magnetism, amoor, vapour, eastern_asia, continent, currents, nerchinsk | Prob: temperature, mean, asia, eastern, annual, sea, peking, observations, eastern_asia, table | Representative: The Climate of Eastern Asia; Meteorological observations, April - December 1872; Periodical change of terrestrial magnetism *; Meteorological tables, from observations made in Japan"
1910,stm,20,2,0.0084010357055382,3,0.032258064516129,"magnetic, temperature, victoria, magnetism, amoor, vapour, eastern_asia, continent","FREX: magnetic, temperature, victoria, magnetism, amoor, vapour, eastern_asia, continent, currents, nerchinsk | Prob: temperature, mean, asia, eastern, annual, sea, peking, observations, eastern_asia, table | Representative: The Climate of Eastern Asia; Meteorological observations, April - December 1872; Periodical change of terrestrial magnetism *; Meteorological tables, from observations made in Japan"
1920,stm,20,2,0.0033650080008593,4,0.032520325203252,"magnetic, temperature, victoria, magnetism, amoor, vapour, eastern_asia, continent","FREX: magnetic, temperature, victoria, magnetism, amoor, vapour, eastern_asia, continent, currents, nerchinsk | Prob: temperature, mean, asia, eastern, annual, sea, peking, observations, eastern_asia, table | Representative: The Climate of Eastern Asia; Meteorological observations, April - December 1872; Periodical change of terrestrial magnetism *; Meteorological tables, from observations made in Japan"
1930,stm,20,2,0.0159893824125271,1,0.0416666666666666,"magnetic, temperature, victoria, magnetism, amoor, vapour, eastern_asia, continent","FREX: magnetic, temperature, victoria, magnetism, amoor, vapour, eastern_asia, continent, currents, nerchinsk | Prob: temperature, mean, asia, eastern, annual, sea, peking, observations, eastern_asia, table | Representative: The Climate of Eastern Asia; Meteorological observations, April - December 1872; Periodical change of terrestrial magnetism *; Meteorological tables, from observations made in Japan"
1940,stm,20,2,0.00013257989973071568,0,0.0,"magnetic, temperature, victoria, magnetism, amoor, vapour, eastern_asia, continent","FREX: magnetic, temperature, victoria, magnetism, amoor, vapour, eastern_asia, continent, currents, nerchinsk | Prob: temperature, mean, asia, eastern, annual, sea, peking, observations, eastern_asia, table | Representative: The Climate of Eastern Asia; Meteorological observations, April - December 1872; Periodical change of terrestrial magnetism *; Meteorological tables, from observations made in Japan"
1850,stm,20,3,0.0085374590558236,2,0.0606060606060606,"tax, chehkiang, land_tax, drought, salt, likin, fuhkien, remitted","FREX: tax, chehkiang, land_tax, drought, salt, likin, fuhkien, remitted, cheo, roads | Prob: summer, taels, salt, road, spring, drought, cheo, land, autumn, tax | Representative: Droughts in China, A. D. 620-1643; Chinese revenue; The Salt revenue of China; Salt administration of Ssuch'uan, The"
1860,stm,20,3,0.012069789540049,6,0.1153846153846153,"tax, chehkiang, land_tax, drought, salt, likin, fuhkien, remitted","FREX: tax, chehkiang, land_tax, drought, salt, likin, fuhkien, remitted, cheo, roads | Prob: summer, taels, salt, road, spring, drought, cheo, land, autumn, tax | Representative: Droughts in China, A. D. 620-1643; Chinese revenue; The Salt revenue of China; Salt administration of Ssuch'uan, The"
1870,stm,20,3,0.0431826139891636,8,0.1311475409836065,"tax, chehkiang, land_tax, drought, salt, likin, fuhkien, remitted","FREX: tax, chehkiang, land_tax, drought, salt, likin, fuhkien, remitted, cheo, roads | Prob: summer, taels, salt, road, spring, drought, cheo, land, autumn, tax | Representative: Droughts in China, A. D. 620-1643; Chinese revenue; The Salt revenue of China; Salt administration of Ssuch'uan, The"
1880,stm,20,3,0.0511634068762714,12,0.144578313253012,"tax, chehkiang, land_tax, drought, salt, likin, fuhkien, remitted","FREX: tax, chehkiang, land_tax, drought, salt, likin, fuhkien, remitted, cheo, roads | Prob: summer, taels, salt, road, spring, drought, cheo, land, autumn, tax | Representative: Droughts in China, A. D. 620-1643; Chinese revenue; The Salt revenue of China; Salt administration of Ssuch'uan, The"
1890,stm,20,3,0.1015458302902915,8,0.2105263157894736,"tax, chehkiang, land_tax, drought, salt, likin, fuhkien, remitted","FREX: tax, chehkiang, land_tax, drought, salt, likin, fuhkien, remitted, cheo, roads | Prob: summer, taels, salt, road, spring, drought, cheo, land, autumn, tax | Representative: Droughts in China, A. D. 620-1643; Chinese revenue; The Salt revenue of China; Salt administration of Ssuch'uan, The"
1900,stm,20,3,0.0193257308057593,5,0.1666666666666666,"tax, chehkiang, land_tax, drought, salt, likin, fuhkien, remitted","FREX: tax, chehkiang, land_tax, drought, salt, likin, fuhkien, remitted, cheo, roads | Prob: summer, taels, salt, road, spring, drought, cheo, land, autumn, tax | Representative: Droughts in China, A. D. 620-1643; Chinese revenue; The Salt revenue of China; Salt administration of Ssuch'uan, The"
1910,stm,20,3,0.0064064345666424,3,0.032258064516129,"tax, chehkiang, land_tax, drought, salt, likin, fuhkien, remitted","FREX: tax, chehkiang, land_tax, drought, salt, likin, fuhkien, remitted, cheo, roads | Prob: summer, taels, salt, road, spring, drought, cheo, land, autumn, tax | Representative: Droughts in China, A. D. 620-1643; Chinese revenue; The Salt revenue of China; Salt administration of Ssuch'uan, The"
1920,stm,20,3,0.0067136352732159,1,0.008130081300813,"tax, chehkiang, land_tax, drought, salt, likin, fuhkien, remitted","FREX: tax, chehkiang, land_tax, drought, salt, likin, fuhkien, remitted, cheo, roads | Prob: summer, taels, salt, road, spring, drought, cheo, land, autumn, tax | Representative: Droughts in China, A. D. 620-1643; Chinese revenue; The Salt revenue of China; Salt administration of Ssuch'uan, The"
1930,stm,20,3,0.0044154820641741,1,0.0416666666666666,"tax, chehkiang, land_tax, drought, salt, likin, fuhkien, remitted","FREX: tax, chehkiang, land_tax, drought, salt, likin, fuhkien, remitted, cheo, roads | Prob: summer, taels, salt, road, spring, drought, cheo, land, autumn, tax | Representative: Droughts in China, A. D. 620-1643; Chinese revenue; The Salt revenue of China; Salt administration of Ssuch'uan, The"
1940,stm,20,3,0.0014272307622128,0,0.0,"tax, chehkiang, land_tax, drought, salt, likin, fuhkien, remitted","FREX: tax, chehkiang, land_tax, drought, salt, likin, fuhkien, remitted, cheo, roads | Prob: summer, taels, salt, road, spring, drought, cheo, land, autumn, tax | Representative: Droughts in China, A. D. 620-1643; Chinese revenue; The Salt revenue of China; Salt administration of Ssuch'uan, The"
1850,stm,20,4,0.0288352328922366,4,0.1212121212121212,"wares, musical, musical_instruments, chinese_musical_instruments, chinese_musical, instrument, instruments, holes","FREX: wares, musical, musical_instruments, chinese_musical_instruments, chinese_musical, instrument, instruments, holes, games, bell | Prob: inches, instruments, instrument, wood, musical, bamboo, colour, foot, wares, porcelain | Representative: Music of China, The *; Chinese ideas of antiques; Short notes on Chinese instruments of music *; Chinese Embroidery and Other Art Textile Work"
1860,stm,20,4,0.027197191021389,5,0.0961538461538461,"wares, musical, musical_instruments, chinese_musical_instruments, chinese_musical, instrument, instruments, holes","FREX: wares, musical, musical_instruments, chinese_musical_instruments, chinese_musical, instrument, instruments, holes, games, bell | Prob: inches, instruments, instrument, wood, musical, bamboo, colour, foot, wares, porcelain | Representative: Music of China, The *; Chinese ideas of antiques; Short notes on Chinese instruments of music *; Chinese Embroidery and Other Art Textile Work"
1870,stm,20,4,0.0273524477869141,7,0.1147540983606557,"wares, musical, musical_instruments, chinese_musical_instruments, chinese_musical, instrument, instruments, holes","FREX: wares, musical, musical_instruments, chinese_musical_instruments, chinese_musical, instrument, instruments, holes, games, bell | Prob: inches, instruments, instrument, wood, musical, bamboo, colour, foot, wares, porcelain | Representative: Music of China, The *; Chinese ideas of antiques; Short notes on Chinese instruments of music *; Chinese Embroidery and Other Art Textile Work"
1880,stm,20,4,0.0036388790494358,1,0.0120481927710843,"wares, musical, musical_instruments, chinese_musical_instruments, chinese_musical, instrument, instruments, holes","FREX: wares, musical, musical_instruments, chinese_musical_instruments, chinese_musical, instrument, instruments, holes, games, bell | Prob: inches, instruments, instrument, wood, musical, bamboo, colour, foot, wares, porcelain | Representative: Music of China, The *; Chinese ideas of antiques; Short notes on Chinese instruments of music *; Chinese Embroidery and Other Art Textile Work"
1890,stm,20,4,0.0040221409407686,1,0.0263157894736842,"wares, musical, musical_instruments, chinese_musical_instruments, chinese_musical, instrument, instruments, holes","FREX: wares, musical, musical_instruments, chinese_musical_instruments, chinese_musical, instrument, instruments, holes, games, bell | Prob: inches, instruments, instrument, wood, musical, bamboo, colour, foot, wares, porcelain | Representative: Music of China, The *; Chinese ideas of antiques; Short notes on Chinese instruments of music *; Chinese Embroidery and Other Art Textile Work"
1900,stm,20,4,0.0263306627872464,3,0.1,"wares, musical, musical_instruments, chinese_musical_instruments, chinese_musical, instrument, instruments, holes","FREX: wares, musical, musical_instruments, chinese_musical_instruments, chinese_musical, instrument, instruments, holes, games, bell | Prob: inches, instruments, instrument, wood, musical, bamboo, colour, foot, wares, porcelain | Representative: Music of China, The *; Chinese ideas of antiques; Short notes on Chinese instruments of music *; Chinese Embroidery and Other Art Textile Work"
1910,stm,20,4,0.0728743363965079,24,0.2580645161290322,"wares, musical, musical_instruments, chinese_musical_instruments, chinese_musical, instrument, instruments, holes","FREX: wares, musical, musical_instruments, chinese_musical_instruments, chinese_musical, instrument, instruments, holes, games, bell | Prob: inches, instruments, instrument, wood, musical, bamboo, colour, foot, wares, porcelain | Representative: Music of China, The *; Chinese ideas of antiques; Short notes on Chinese instruments of music *; Chinese Embroidery and Other Art Textile Work"
1920,stm,20,4,0.0363705375912428,15,0.1219512195121951,"wares, musical, musical_instruments, chinese_musical_instruments, chinese_musical, instrument, instruments, holes","FREX: wares, musical, musical_instruments, chinese_musical_instruments, chinese_musical, instrument, instruments, holes, games, bell | Prob: inches, instruments, instrument, wood, musical, bamboo, colour, foot, wares, porcelain | Representative: Music of China, The *; Chinese ideas of antiques; Short notes on Chinese instruments of music *; Chinese Embroidery and Other Art Textile Work"
1930,stm,20,4,0.0269411219663453,3,0.125,"wares, musical, musical_instruments, chinese_musical_instruments, chinese_musical, instrument, instruments, holes","FREX: wares, musical, musical_instruments, chinese_musical_instruments, chinese_musical, instrument, instruments, holes, games, bell | Prob: inches, instruments, instrument, wood, musical, bamboo, colour, foot, wares, porcelain | Representative: Music of China, The *; Chinese ideas of antiques; Short notes on Chinese instruments of music *; Chinese Embroidery and Other Art Textile Work"
1940,stm,20,4,0.0020230717046443,0,0.0,"wares, musical, musical_instruments, chinese_musical_instruments, chinese_musical, instrument, instruments, holes","FREX: wares, musical, musical_instruments, chinese_musical_instruments, chinese_musical, instrument, instruments, holes, games, bell | Prob: inches, instruments, instrument, wood, musical, bamboo, colour, foot, wares, porcelain | Representative: Music of China, The *; Chinese ideas of antiques; Short notes on Chinese instruments of music *; Chinese Embroidery and Other Art Textile Work"
1850,stm,20,5,0.0098874681381093,3,0.0909090909090909,"leaflets, ventral, ovate, slender, glabrous, tibetan, hairs, apex","FREX: leaflets, ventral, ovate, slender, glabrous, tibetan, hairs, apex, pagodas, bristle | Prob: leaves, species, flowers, tibetan, tai, slender, base, tibet, lower, white | Representative: Shantung foraminifera; Then and now; Oribatoidea Sinensis, Part III; The Family names"
1860,stm,20,5,0.0106666717948864,3,0.0576923076923076,"leaflets, ventral, ovate, slender, glabrous, tibetan, hairs, apex","FREX: leaflets, ventral, ovate, slender, glabrous, tibetan, hairs, apex, pagodas, bristle | Prob: leaves, species, flowers, tibetan, tai, slender, base, tibet, lower, white | Representative: Shantung foraminifera; Then and now; Oribatoidea Sinensis, Part III; The Family names"
1870,stm,20,5,0.0014845777518703,0,0.0,"leaflets, ventral, ovate, slender, glabrous, tibetan, hairs, apex","FREX: leaflets, ventral, ovate, slender, glabrous, tibetan, hairs, apex, pagodas, bristle | Prob: leaves, species, flowers, tibetan, tai, slender, base, tibet, lower, white | Representative: Shantung foraminifera; Then and now; Oribatoidea Sinensis, Part III; The Family names"
1880,stm,20,5,0.0182378854026484,3,0.036144578313253,"leaflets, ventral, ovate, slender, glabrous, tibetan, hairs, apex","FREX: leaflets, ventral, ovate, slender, glabrous, tibetan, hairs, apex, pagodas, bristle | Prob: leaves, species, flowers, tibetan, tai, slender, base, tibet, lower, white | Representative: Shantung foraminifera; Then and now; Oribatoidea Sinensis, Part III; The Family names"
1890,stm,20,5,0.0024691239801642,1,0.0263157894736842,"leaflets, ventral, ovate, slender, glabrous, tibetan, hairs, apex","FREX: leaflets, ventral, ovate, slender, glabrous, tibetan, hairs, apex, pagodas, bristle | Prob: leaves, species, flowers, tibetan, tai, slender, base, tibet, lower, white | Representative: Shantung foraminifera; Then and now; Oribatoidea Sinensis, Part III; The Family names"
1900,stm,20,5,0.0096856947155797,3,0.1,"leaflets, ventral, ovate, slender, glabrous, tibetan, hairs, apex","FREX: leaflets, ventral, ovate, slender, glabrous, tibetan, hairs, apex, pagodas, bristle | Prob: leaves, species, flowers, tibetan, tai, slender, base, tibet, lower, white | Representative: Shantung foraminifera; Then and now; Oribatoidea Sinensis, Part III; The Family names"
1910,stm,20,5,0.0604164082454102,20,0.2150537634408602,"leaflets, ventral, ovate, slender, glabrous, tibetan, hairs, apex","FREX: leaflets, ventral, ovate, slender, glabrous, tibetan, hairs, apex, pagodas, bristle | Prob: leaves, species, flowers, tibetan, tai, slender, base, tibet, lower, white | Representative: Shantung foraminifera; Then and now; Oribatoidea Sinensis, Part III; The Family names"
1920,stm,20,5,0.0801890596154788,24,0.1951219512195122,"leaflets, ventral, ovate, slender, glabrous, tibetan, hairs, apex","FREX: leaflets, ventral, ovate, slender, glabrous, tibetan, hairs, apex, pagodas, bristle | Prob: leaves, species, flowers, tibetan, tai, slender, base, tibet, lower, white | Representative: Shantung foraminifera; Then and now; Oribatoidea Sinensis, Part III; The Family names"
1930,stm,20,5,0.0449075958912416,4,0.1666666666666666,"leaflets, ventral, ovate, slender, glabrous, tibetan, hairs, apex","FREX: leaflets, ventral, ovate, slender, glabrous, tibetan, hairs, apex, pagodas, bristle | Prob: leaves, species, flowers, tibetan, tai, slender, base, tibet, lower, white | Representative: Shantung foraminifera; Then and now; Oribatoidea Sinensis, Part III; The Family names"
1940,stm,20,5,0.0014841024953198,0,0.0,"leaflets, ventral, ovate, slender, glabrous, tibetan, hairs, apex","FREX: leaflets, ventral, ovate, slender, glabrous, tibetan, hairs, apex, pagodas, bristle | Prob: leaves, species, flowers, tibetan, tai, slender, base, tibet, lower, white | Representative: Shantung foraminifera; Then and now; Oribatoidea Sinensis, Part III; The Family names"
1850,stm,20,6,0.0004025154986281232,0,0.0,"garnier, tong_king, prophet, moslems, noi, moslem, mohammed, nous","FREX: garnier, tong_king, prophet, moslems, noi, moslem, mohammed, nous, hua_ching, bishop | Prob: king, son, mohammed, tong, les, prophet, religion, tong_king, garnier, bishop | Representative: Narrative of recent events in Tong - king; Corea; Legends of the ancient Mazdayacnian prophets, and the story of Zoroaster; Retrospect of events in China, 1873"
1860,stm,20,6,0.0350423479795755,6,0.1153846153846153,"garnier, tong_king, prophet, moslems, noi, moslem, mohammed, nous","FREX: garnier, tong_king, prophet, moslems, noi, moslem, mohammed, nous, hua_ching, bishop | Prob: king, son, mohammed, tong, les, prophet, religion, tong_king, garnier, bishop | Representative: Narrative of recent events in Tong - king; Corea; Legends of the ancient Mazdayacnian prophets, and the story of Zoroaster; Retrospect of events in China, 1873"
1870,stm,20,6,0.0888146593562507,14,0.2295081967213114,"garnier, tong_king, prophet, moslems, noi, moslem, mohammed, nous","FREX: garnier, tong_king, prophet, moslems, noi, moslem, mohammed, nous, hua_ching, bishop | Prob: king, son, mohammed, tong, les, prophet, religion, tong_king, garnier, bishop | Representative: Narrative of recent events in Tong - king; Corea; Legends of the ancient Mazdayacnian prophets, and the story of Zoroaster; Retrospect of events in China, 1873"
1880,stm,20,6,0.038625593558698,9,0.108433734939759,"garnier, tong_king, prophet, moslems, noi, moslem, mohammed, nous","FREX: garnier, tong_king, prophet, moslems, noi, moslem, mohammed, nous, hua_ching, bishop | Prob: king, son, mohammed, tong, les, prophet, religion, tong_king, garnier, bishop | Representative: Narrative of recent events in Tong - king; Corea; Legends of the ancient Mazdayacnian prophets, and the story of Zoroaster; Retrospect of events in China, 1873"
1890,stm,20,6,0.0336796779273843,4,0.1052631578947368,"garnier, tong_king, prophet, moslems, noi, moslem, mohammed, nous","FREX: garnier, tong_king, prophet, moslems, noi, moslem, mohammed, nous, hua_ching, bishop | Prob: king, son, mohammed, tong, les, prophet, religion, tong_king, garnier, bishop | Representative: Narrative of recent events in Tong - king; Corea; Legends of the ancient Mazdayacnian prophets, and the story of Zoroaster; Retrospect of events in China, 1873"
1900,stm,20,6,0.0162861493905359,2,0.0666666666666666,"garnier, tong_king, prophet, moslems, noi, moslem, mohammed, nous","FREX: garnier, tong_king, prophet, moslems, noi, moslem, mohammed, nous, hua_ching, bishop | Prob: king, son, mohammed, tong, les, prophet, religion, tong_king, garnier, bishop | Representative: Narrative of recent events in Tong - king; Corea; Legends of the ancient Mazdayacnian prophets, and the story of Zoroaster; Retrospect of events in China, 1873"
1910,stm,20,6,0.0176008923216157,8,0.086021505376344,"garnier, tong_king, prophet, moslems, noi, moslem, mohammed, nous","FREX: garnier, tong_king, prophet, moslems, noi, moslem, mohammed, nous, hua_ching, bishop | Prob: king, son, mohammed, tong, les, prophet, religion, tong_king, garnier, bishop | Representative: Narrative of recent events in Tong - king; Corea; Legends of the ancient Mazdayacnian prophets, and the story of Zoroaster; Retrospect of events in China, 1873"
1920,stm,20,6,0.0358935148947111,10,0.08130081300813,"garnier, tong_king, prophet, moslems, noi, moslem, mohammed, nous","FREX: garnier, tong_king, prophet, moslems, noi, moslem, mohammed, nous, hua_ching, bishop | Prob: king, son, mohammed, tong, les, prophet, religion, tong_king, garnier, bishop | Representative: Narrative of recent events in Tong - king; Corea; Legends of the ancient Mazdayacnian prophets, and the story of Zoroaster; Retrospect of events in China, 1873"
1930,stm,20,6,0.0168560884795782,1,0.0416666666666666,"garnier, tong_king, prophet, moslems, noi, moslem, mohammed, nous","FREX: garnier, tong_king, prophet, moslems, noi, moslem, mohammed, nous, hua_ching, bishop | Prob: king, son, mohammed, tong, les, prophet, religion, tong_king, garnier, bishop | Representative: Narrative of recent events in Tong - king; Corea; Legends of the ancient Mazdayacnian prophets, and the story of Zoroaster; Retrospect of events in China, 1873"
1940,stm,20,6,0.0030782056808524,0,0.0,"garnier, tong_king, prophet, moslems, noi, moslem, mohammed, nous","FREX: garnier, tong_king, prophet, moslems, noi, moslem, mohammed, nous, hua_ching, bishop | Prob: king, son, mohammed, tong, les, prophet, religion, tong_king, garnier, bishop | Representative: Narrative of recent events in Tong - king; Corea; Legends of the ancient Mazdayacnian prophets, and the story of Zoroaster; Retrospect of events in China, 1873"
1850,stm,20,7,0.0177439035353276,3,0.0909090909090909,"myth, lunar, sanscrit, aryan, parthia, exogamy, jupiter, calendar","FREX: myth, lunar, sanscrit, aryan, parthia, exogamy, jupiter, calendar, cycle, stars | Prob: king, modern, chow, sun, indian, origin, india, language, moon, word | Representative: A Comparative table of the ancient lunar asterisms; The Ancient language and cult of the Chows ; critical and exegetical notes on the "" Shi- king ""; THE CHINESE CALENDAR: ITS ORIGIN, HISTORY AND CONNECTIONS.; Short notes on the identification of the Yue - ti and Kiang tribes of ancient Chinese history"
1860,stm,20,7,0.0413067851583368,8,0.1538461538461538,"myth, lunar, sanscrit, aryan, parthia, exogamy, jupiter, calendar","FREX: myth, lunar, sanscrit, aryan, parthia, exogamy, jupiter, calendar, cycle, stars | Prob: king, modern, chow, sun, indian, origin, india, language, moon, word | Representative: A Comparative table of the ancient lunar asterisms; The Ancient language and cult of the Chows ; critical and exegetical notes on the "" Shi- king ""; THE CHINESE CALENDAR: ITS ORIGIN, HISTORY AND CONNECTIONS.; Short notes on the identification of the Yue - ti and Kiang tribes of ancient Chinese history"
1870,stm,20,7,0.1418682679447431,20,0.3278688524590163,"myth, lunar, sanscrit, aryan, parthia, exogamy, jupiter, calendar","FREX: myth, lunar, sanscrit, aryan, parthia, exogamy, jupiter, calendar, cycle, stars | Prob: king, modern, chow, sun, indian, origin, india, language, moon, word | Representative: A Comparative table of the ancient lunar asterisms; The Ancient language and cult of the Chows ; critical and exegetical notes on the "" Shi- king ""; THE CHINESE CALENDAR: ITS ORIGIN, HISTORY AND CONNECTIONS.; Short notes on the identification of the Yue - ti and Kiang tribes of ancient Chinese history"
1880,stm,20,7,0.0281260226738972,11,0.1325301204819277,"myth, lunar, sanscrit, aryan, parthia, exogamy, jupiter, calendar","FREX: myth, lunar, sanscrit, aryan, parthia, exogamy, jupiter, calendar, cycle, stars | Prob: king, modern, chow, sun, indian, origin, india, language, moon, word | Representative: A Comparative table of the ancient lunar asterisms; The Ancient language and cult of the Chows ; critical and exegetical notes on the "" Shi- king ""; THE CHINESE CALENDAR: ITS ORIGIN, HISTORY AND CONNECTIONS.; Short notes on the identification of the Yue - ti and Kiang tribes of ancient Chinese history"
1890,stm,20,7,0.1562787354459987,11,0.2894736842105263,"myth, lunar, sanscrit, aryan, parthia, exogamy, jupiter, calendar","FREX: myth, lunar, sanscrit, aryan, parthia, exogamy, jupiter, calendar, cycle, stars | Prob: king, modern, chow, sun, indian, origin, india, language, moon, word | Representative: A Comparative table of the ancient lunar asterisms; The Ancient language and cult of the Chows ; critical and exegetical notes on the "" Shi- king ""; THE CHINESE CALENDAR: ITS ORIGIN, HISTORY AND CONNECTIONS.; Short notes on the identification of the Yue - ti and Kiang tribes of ancient Chinese history"
1900,stm,20,7,0.0788722625171416,4,0.1333333333333333,"myth, lunar, sanscrit, aryan, parthia, exogamy, jupiter, calendar","FREX: myth, lunar, sanscrit, aryan, parthia, exogamy, jupiter, calendar, cycle, stars | Prob: king, modern, chow, sun, indian, origin, india, language, moon, word | Representative: A Comparative table of the ancient lunar asterisms; The Ancient language and cult of the Chows ; critical and exegetical notes on the "" Shi- king ""; THE CHINESE CALENDAR: ITS ORIGIN, HISTORY AND CONNECTIONS.; Short notes on the identification of the Yue - ti and Kiang tribes of ancient Chinese history"
1910,stm,20,7,0.0433124848134206,20,0.2150537634408602,"myth, lunar, sanscrit, aryan, parthia, exogamy, jupiter, calendar","FREX: myth, lunar, sanscrit, aryan, parthia, exogamy, jupiter, calendar, cycle, stars | Prob: king, modern, chow, sun, indian, origin, india, language, moon, word | Representative: A Comparative table of the ancient lunar asterisms; The Ancient language and cult of the Chows ; critical and exegetical notes on the "" Shi- king ""; THE CHINESE CALENDAR: ITS ORIGIN, HISTORY AND CONNECTIONS.; Short notes on the identification of the Yue - ti and Kiang tribes of ancient Chinese history"
1920,stm,20,7,0.043651543759206,27,0.2195121951219512,"myth, lunar, sanscrit, aryan, parthia, exogamy, jupiter, calendar","FREX: myth, lunar, sanscrit, aryan, parthia, exogamy, jupiter, calendar, cycle, stars | Prob: king, modern, chow, sun, indian, origin, india, language, moon, word | Representative: A Comparative table of the ancient lunar asterisms; The Ancient language and cult of the Chows ; critical and exegetical notes on the "" Shi- king ""; THE CHINESE CALENDAR: ITS ORIGIN, HISTORY AND CONNECTIONS.; Short notes on the identification of the Yue - ti and Kiang tribes of ancient Chinese history"
1930,stm,20,7,0.1092801372905654,9,0.375,"myth, lunar, sanscrit, aryan, parthia, exogamy, jupiter, calendar","FREX: myth, lunar, sanscrit, aryan, parthia, exogamy, jupiter, calendar, cycle, stars | Prob: king, modern, chow, sun, indian, origin, india, language, moon, word | Representative: A Comparative table of the ancient lunar asterisms; The Ancient language and cult of the Chows ; critical and exegetical notes on the "" Shi- king ""; THE CHINESE CALENDAR: ITS ORIGIN, HISTORY AND CONNECTIONS.; Short notes on the identification of the Yue - ti and Kiang tribes of ancient Chinese history"
1940,stm,20,7,0.0089648604764243,0,0.0,"myth, lunar, sanscrit, aryan, parthia, exogamy, jupiter, calendar","FREX: myth, lunar, sanscrit, aryan, parthia, exogamy, jupiter, calendar, cycle, stars | Prob: king, modern, chow, sun, indian, origin, india, language, moon, word | Representative: A Comparative table of the ancient lunar asterisms; The Ancient language and cult of the Chows ; critical and exegetical notes on the "" Shi- king ""; THE CHINESE CALENDAR: ITS ORIGIN, HISTORY AND CONNECTIONS.; Short notes on the identification of the Yue - ti and Kiang tribes of ancient Chinese history"
1850,stm,20,8,0.0010309204479484,0,0.0,"tungus, orn, goldi, skvortzow, length_breadth, zool, north_manchuria, manchuria","FREX: tungus, orn, goldi, skvortzow, length_breadth, zool, north_manchuria, manchuria, breadth, harbin | Prob: manchuria, tungus, length, breadth, northern, goldi, rice, length_breadth, fruits, russian | Representative: Partial bibliography of Chinese birds, A; Corea; Northern Tungus migrations in the Far East; Recent research upon the mammalia of North China"
1860,stm,20,8,0.0043110592080676,2,0.0384615384615384,"tungus, orn, goldi, skvortzow, length_breadth, zool, north_manchuria, manchuria","FREX: tungus, orn, goldi, skvortzow, length_breadth, zool, north_manchuria, manchuria, breadth, harbin | Prob: manchuria, tungus, length, breadth, northern, goldi, rice, length_breadth, fruits, russian | Representative: Partial bibliography of Chinese birds, A; Corea; Northern Tungus migrations in the Far East; Recent research upon the mammalia of North China"
1870,stm,20,8,0.0188169757294472,4,0.0655737704918032,"tungus, orn, goldi, skvortzow, length_breadth, zool, north_manchuria, manchuria","FREX: tungus, orn, goldi, skvortzow, length_breadth, zool, north_manchuria, manchuria, breadth, harbin | Prob: manchuria, tungus, length, breadth, northern, goldi, rice, length_breadth, fruits, russian | Representative: Partial bibliography of Chinese birds, A; Corea; Northern Tungus migrations in the Far East; Recent research upon the mammalia of North China"
1880,stm,20,8,0.0300179130392847,4,0.0481927710843373,"tungus, orn, goldi, skvortzow, length_breadth, zool, north_manchuria, manchuria","FREX: tungus, orn, goldi, skvortzow, length_breadth, zool, north_manchuria, manchuria, breadth, harbin | Prob: manchuria, tungus, length, breadth, northern, goldi, rice, length_breadth, fruits, russian | Representative: Partial bibliography of Chinese birds, A; Corea; Northern Tungus migrations in the Far East; Recent research upon the mammalia of North China"
1890,stm,20,8,0.0047787565363915,0,0.0,"tungus, orn, goldi, skvortzow, length_breadth, zool, north_manchuria, manchuria","FREX: tungus, orn, goldi, skvortzow, length_breadth, zool, north_manchuria, manchuria, breadth, harbin | Prob: manchuria, tungus, length, breadth, northern, goldi, rice, length_breadth, fruits, russian | Representative: Partial bibliography of Chinese birds, A; Corea; Northern Tungus migrations in the Far East; Recent research upon the mammalia of North China"
1900,stm,20,8,0.00018366487357719967,0,0.0,"tungus, orn, goldi, skvortzow, length_breadth, zool, north_manchuria, manchuria","FREX: tungus, orn, goldi, skvortzow, length_breadth, zool, north_manchuria, manchuria, breadth, harbin | Prob: manchuria, tungus, length, breadth, northern, goldi, rice, length_breadth, fruits, russian | Representative: Partial bibliography of Chinese birds, A; Corea; Northern Tungus migrations in the Far East; Recent research upon the mammalia of North China"
1910,stm,20,8,0.0142968913924768,4,0.043010752688172,"tungus, orn, goldi, skvortzow, length_breadth, zool, north_manchuria, manchuria","FREX: tungus, orn, goldi, skvortzow, length_breadth, zool, north_manchuria, manchuria, breadth, harbin | Prob: manchuria, tungus, length, breadth, northern, goldi, rice, length_breadth, fruits, russian | Representative: Partial bibliography of Chinese birds, A; Corea; Northern Tungus migrations in the Far East; Recent research upon the mammalia of North China"
1920,stm,20,8,0.0356562985969676,11,0.089430894308943,"tungus, orn, goldi, skvortzow, length_breadth, zool, north_manchuria, manchuria","FREX: tungus, orn, goldi, skvortzow, length_breadth, zool, north_manchuria, manchuria, breadth, harbin | Prob: manchuria, tungus, length, breadth, northern, goldi, rice, length_breadth, fruits, russian | Representative: Partial bibliography of Chinese birds, A; Corea; Northern Tungus migrations in the Far East; Recent research upon the mammalia of North China"
1930,stm,20,8,0.0295777149519715,2,0.0833333333333333,"tungus, orn, goldi, skvortzow, length_breadth, zool, north_manchuria, manchuria","FREX: tungus, orn, goldi, skvortzow, length_breadth, zool, north_manchuria, manchuria, breadth, harbin | Prob: manchuria, tungus, length, breadth, northern, goldi, rice, length_breadth, fruits, russian | Representative: Partial bibliography of Chinese birds, A; Corea; Northern Tungus migrations in the Far East; Recent research upon the mammalia of North China"
1940,stm,20,8,0.0007105879333481701,0,0.0,"tungus, orn, goldi, skvortzow, length_breadth, zool, north_manchuria, manchuria","FREX: tungus, orn, goldi, skvortzow, length_breadth, zool, north_manchuria, manchuria, breadth, harbin | Prob: manchuria, tungus, length, breadth, northern, goldi, rice, length_breadth, fruits, russian | Representative: Partial bibliography of Chinese birds, A; Corea; Northern Tungus migrations in the Far East; Recent research upon the mammalia of North China"
1850,stm,20,9,0.1222958493404785,7,0.2121212121212121,"left_bank, channel, right_bank, mile, village, bore, keang, gorge","FREX: left_bank, channel, right_bank, mile, village, bore, keang, gorge, bank, stream | Prob: river, feet, miles, city, bank, journey, stream, hills, island, village | Representative: Sailing directions for the Yang - tsze Kiang, from Woosung to Hankow; Itinerary of a jouney through the Provinces of Hoo - pih, Sze - chuen and Shen - se; The Bore of the Tsien - tang Kiang (Hang - chau Bay); Notes on a portion of the old bed of the Yellow River an the water supply of the Grand Canal"
1860,stm,20,9,0.1733087516978812,23,0.4423076923076923,"left_bank, channel, right_bank, mile, village, bore, keang, gorge","FREX: left_bank, channel, right_bank, mile, village, bore, keang, gorge, bank, stream | Prob: river, feet, miles, city, bank, journey, stream, hills, island, village | Representative: Sailing directions for the Yang - tsze Kiang, from Woosung to Hankow; Itinerary of a jouney through the Provinces of Hoo - pih, Sze - chuen and Shen - se; The Bore of the Tsien - tang Kiang (Hang - chau Bay); Notes on a portion of the old bed of the Yellow River an the water supply of the Grand Canal"
1870,stm,20,9,0.070490856059653,17,0.2786885245901639,"left_bank, channel, right_bank, mile, village, bore, keang, gorge","FREX: left_bank, channel, right_bank, mile, village, bore, keang, gorge, bank, stream | Prob: river, feet, miles, city, bank, journey, stream, hills, island, village | Representative: Sailing directions for the Yang - tsze Kiang, from Woosung to Hankow; Itinerary of a jouney through the Provinces of Hoo - pih, Sze - chuen and Shen - se; The Bore of the Tsien - tang Kiang (Hang - chau Bay); Notes on a portion of the old bed of the Yellow River an the water supply of the Grand Canal"
1880,stm,20,9,0.0883210951165353,18,0.216867469879518,"left_bank, channel, right_bank, mile, village, bore, keang, gorge","FREX: left_bank, channel, right_bank, mile, village, bore, keang, gorge, bank, stream | Prob: river, feet, miles, city, bank, journey, stream, hills, island, village | Representative: Sailing directions for the Yang - tsze Kiang, from Woosung to Hankow; Itinerary of a jouney through the Provinces of Hoo - pih, Sze - chuen and Shen - se; The Bore of the Tsien - tang Kiang (Hang - chau Bay); Notes on a portion of the old bed of the Yellow River an the water supply of the Grand Canal"
1890,stm,20,9,0.0233335628453246,4,0.1052631578947368,"left_bank, channel, right_bank, mile, village, bore, keang, gorge","FREX: left_bank, channel, right_bank, mile, village, bore, keang, gorge, bank, stream | Prob: river, feet, miles, city, bank, journey, stream, hills, island, village | Representative: Sailing directions for the Yang - tsze Kiang, from Woosung to Hankow; Itinerary of a jouney through the Provinces of Hoo - pih, Sze - chuen and Shen - se; The Bore of the Tsien - tang Kiang (Hang - chau Bay); Notes on a portion of the old bed of the Yellow River an the water supply of the Grand Canal"
1900,stm,20,9,0.1015796167381167,8,0.2666666666666666,"left_bank, channel, right_bank, mile, village, bore, keang, gorge","FREX: left_bank, channel, right_bank, mile, village, bore, keang, gorge, bank, stream | Prob: river, feet, miles, city, bank, journey, stream, hills, island, village | Representative: Sailing directions for the Yang - tsze Kiang, from Woosung to Hankow; Itinerary of a jouney through the Provinces of Hoo - pih, Sze - chuen and Shen - se; The Bore of the Tsien - tang Kiang (Hang - chau Bay); Notes on a portion of the old bed of the Yellow River an the water supply of the Grand Canal"
1910,stm,20,9,0.0499123713855472,24,0.2580645161290322,"left_bank, channel, right_bank, mile, village, bore, keang, gorge","FREX: left_bank, channel, right_bank, mile, village, bore, keang, gorge, bank, stream | Prob: river, feet, miles, city, bank, journey, stream, hills, island, village | Representative: Sailing directions for the Yang - tsze Kiang, from Woosung to Hankow; Itinerary of a jouney through the Provinces of Hoo - pih, Sze - chuen and Shen - se; The Bore of the Tsien - tang Kiang (Hang - chau Bay); Notes on a portion of the old bed of the Yellow River an the water supply of the Grand Canal"
1920,stm,20,9,0.044475033337039,24,0.1951219512195122,"left_bank, channel, right_bank, mile, village, bore, keang, gorge","FREX: left_bank, channel, right_bank, mile, village, bore, keang, gorge, bank, stream | Prob: river, feet, miles, city, bank, journey, stream, hills, island, village | Representative: Sailing directions for the Yang - tsze Kiang, from Woosung to Hankow; Itinerary of a jouney through the Provinces of Hoo - pih, Sze - chuen and Shen - se; The Bore of the Tsien - tang Kiang (Hang - chau Bay); Notes on a portion of the old bed of the Yellow River an the water supply of the Grand Canal"
1930,stm,20,9,0.0156307753832926,2,0.0833333333333333,"left_bank, channel, right_bank, mile, village, bore, keang, gorge","FREX: left_bank, channel, right_bank, mile, village, bore, keang, gorge, bank, stream | Prob: river, feet, miles, city, bank, journey, stream, hills, island, village | Representative: Sailing directions for the Yang - tsze Kiang, from Woosung to Hankow; Itinerary of a jouney through the Provinces of Hoo - pih, Sze - chuen and Shen - se; The Bore of the Tsien - tang Kiang (Hang - chau Bay); Notes on a portion of the old bed of the Yellow River an the water supply of the Grand Canal"
1940,stm,20,9,0.0147792191430128,0,0.0,"left_bank, channel, right_bank, mile, village, bore, keang, gorge","FREX: left_bank, channel, right_bank, mile, village, bore, keang, gorge, bank, stream | Prob: river, feet, miles, city, bank, journey, stream, hills, island, village | Representative: Sailing directions for the Yang - tsze Kiang, from Woosung to Hankow; Itinerary of a jouney through the Provinces of Hoo - pih, Sze - chuen and Shen - se; The Bore of the Tsien - tang Kiang (Hang - chau Bay); Notes on a portion of the old bed of the Yellow River an the water supply of the Grand Canal"
1850,stm,20,10,0.0099184031063321,1,0.0303030303030303,"yuan_shi, khan, rashid, tom, chap, mongols, mongol, central_western","FREX: yuan_shi, khan, rashid, tom, chap, mongols, mongol, central_western, central_western_asia, uigurs | Prob: shi, city, yuan, mongol, khan, emperor, mongols, river, century, polo | Representative: Notices of the mediaeval geography and history of Central and Western Asia *; Notices of Christianity in China. Extracted from Marco Polo *; Elucidations of Marco Polo's travels in North China, drawn from Chinese sources; The Intercourse of China with Central and Western Asia in the Second Century B.C."
1860,stm,20,10,0.0195511756959544,8,0.1538461538461538,"yuan_shi, khan, rashid, tom, chap, mongols, mongol, central_western","FREX: yuan_shi, khan, rashid, tom, chap, mongols, mongol, central_western, central_western_asia, uigurs | Prob: shi, city, yuan, mongol, khan, emperor, mongols, river, century, polo | Representative: Notices of the mediaeval geography and history of Central and Western Asia *; Notices of Christianity in China. Extracted from Marco Polo *; Elucidations of Marco Polo's travels in North China, drawn from Chinese sources; The Intercourse of China with Central and Western Asia in the Second Century B.C."
1870,stm,20,10,0.0481885749439415,9,0.1475409836065573,"yuan_shi, khan, rashid, tom, chap, mongols, mongol, central_western","FREX: yuan_shi, khan, rashid, tom, chap, mongols, mongol, central_western, central_western_asia, uigurs | Prob: shi, city, yuan, mongol, khan, emperor, mongols, river, century, polo | Representative: Notices of the mediaeval geography and history of Central and Western Asia *; Notices of Christianity in China. Extracted from Marco Polo *; Elucidations of Marco Polo's travels in North China, drawn from Chinese sources; The Intercourse of China with Central and Western Asia in the Second Century B.C."
1880,stm,20,10,0.0491667807569852,16,0.1927710843373494,"yuan_shi, khan, rashid, tom, chap, mongols, mongol, central_western","FREX: yuan_shi, khan, rashid, tom, chap, mongols, mongol, central_western, central_western_asia, uigurs | Prob: shi, city, yuan, mongol, khan, emperor, mongols, river, century, polo | Representative: Notices of the mediaeval geography and history of Central and Western Asia *; Notices of Christianity in China. Extracted from Marco Polo *; Elucidations of Marco Polo's travels in North China, drawn from Chinese sources; The Intercourse of China with Central and Western Asia in the Second Century B.C."
1890,stm,20,10,0.029492129268237,4,0.1052631578947368,"yuan_shi, khan, rashid, tom, chap, mongols, mongol, central_western","FREX: yuan_shi, khan, rashid, tom, chap, mongols, mongol, central_western, central_western_asia, uigurs | Prob: shi, city, yuan, mongol, khan, emperor, mongols, river, century, polo | Representative: Notices of the mediaeval geography and history of Central and Western Asia *; Notices of Christianity in China. Extracted from Marco Polo *; Elucidations of Marco Polo's travels in North China, drawn from Chinese sources; The Intercourse of China with Central and Western Asia in the Second Century B.C."
1900,stm,20,10,0.0375522791441896,5,0.1666666666666666,"yuan_shi, khan, rashid, tom, chap, mongols, mongol, central_western","FREX: yuan_shi, khan, rashid, tom, chap, mongols, mongol, central_western, central_western_asia, uigurs | Prob: shi, city, yuan, mongol, khan, emperor, mongols, river, century, polo | Representative: Notices of the mediaeval geography and history of Central and Western Asia *; Notices of Christianity in China. Extracted from Marco Polo *; Elucidations of Marco Polo's travels in North China, drawn from Chinese sources; The Intercourse of China with Central and Western Asia in the Second Century B.C."
1910,stm,20,10,0.0268213703173713,10,0.1075268817204301,"yuan_shi, khan, rashid, tom, chap, mongols, mongol, central_western","FREX: yuan_shi, khan, rashid, tom, chap, mongols, mongol, central_western, central_western_asia, uigurs | Prob: shi, city, yuan, mongol, khan, emperor, mongols, river, century, polo | Representative: Notices of the mediaeval geography and history of Central and Western Asia *; Notices of Christianity in China. Extracted from Marco Polo *; Elucidations of Marco Polo's travels in North China, drawn from Chinese sources; The Intercourse of China with Central and Western Asia in the Second Century B.C."
1920,stm,20,10,0.0223012293866309,11,0.089430894308943,"yuan_shi, khan, rashid, tom, chap, mongols, mongol, central_western","FREX: yuan_shi, khan, rashid, tom, chap, mongols, mongol, central_western, central_western_asia, uigurs | Prob: shi, city, yuan, mongol, khan, emperor, mongols, river, century, polo | Representative: Notices of the mediaeval geography and history of Central and Western Asia *; Notices of Christianity in China. Extracted from Marco Polo *; Elucidations of Marco Polo's travels in North China, drawn from Chinese sources; The Intercourse of China with Central and Western Asia in the Second Century B.C."
1930,stm,20,10,0.0072548351016925,1,0.0416666666666666,"yuan_shi, khan, rashid, tom, chap, mongols, mongol, central_western","FREX: yuan_shi, khan, rashid, tom, chap, mongols, mongol, central_western, central_western_asia, uigurs | Prob: shi, city, yuan, mongol, khan, emperor, mongols, river, century, polo | Representative: Notices of the mediaeval geography and history of Central and Western Asia *; Notices of Christianity in China. Extracted from Marco Polo *; Elucidations of Marco Polo's travels in North China, drawn from Chinese sources; The Intercourse of China with Central and Western Asia in the Second Century B.C."
1940,stm,20,10,0.4337927044441029,1,1.0,"yuan_shi, khan, rashid, tom, chap, mongols, mongol, central_western","FREX: yuan_shi, khan, rashid, tom, chap, mongols, mongol, central_western, central_western_asia, uigurs | Prob: shi, city, yuan, mongol, khan, emperor, mongols, river, century, polo | Representative: Notices of the mediaeval geography and history of Central and Western Asia *; Notices of Christianity in China. Extracted from Marco Polo *; Elucidations of Marco Polo's travels in North China, drawn from Chinese sources; The Intercourse of China with Central and Western Asia in the Second Century B.C."
1850,stm,20,11,0.0069429804857042,1,0.0303030303030303,"tombs, tomb, monuments, monument, tablet, architecture, sung_dynasty, inscription","FREX: tombs, tomb, monuments, monument, tablet, architecture, sung_dynasty, inscription, inscriptions, bottles | Prob: stone, sung, ming, han, ang, emperor, ien, ing, yuan, hsi | Representative: ON THE CHINESE COINS AND SMALL PORCELAIN BOTTLES FOUND IN EGYPT.; The Mystery of Ta - ts ' in; On the Stone figures at Chinese tombs and the offering of living sacrifices; Stone drums of the Chou Dynasty, The *"
1860,stm,20,11,0.0394523554840134,14,0.2692307692307692,"tombs, tomb, monuments, monument, tablet, architecture, sung_dynasty, inscription","FREX: tombs, tomb, monuments, monument, tablet, architecture, sung_dynasty, inscription, inscriptions, bottles | Prob: stone, sung, ming, han, ang, emperor, ien, ing, yuan, hsi | Representative: ON THE CHINESE COINS AND SMALL PORCELAIN BOTTLES FOUND IN EGYPT.; The Mystery of Ta - ts ' in; On the Stone figures at Chinese tombs and the offering of living sacrifices; Stone drums of the Chou Dynasty, The *"
1870,stm,20,11,0.0923658000911978,16,0.2622950819672131,"tombs, tomb, monuments, monument, tablet, architecture, sung_dynasty, inscription","FREX: tombs, tomb, monuments, monument, tablet, architecture, sung_dynasty, inscription, inscriptions, bottles | Prob: stone, sung, ming, han, ang, emperor, ien, ing, yuan, hsi | Representative: ON THE CHINESE COINS AND SMALL PORCELAIN BOTTLES FOUND IN EGYPT.; The Mystery of Ta - ts ' in; On the Stone figures at Chinese tombs and the offering of living sacrifices; Stone drums of the Chou Dynasty, The *"
1880,stm,20,11,0.0711135115975753,23,0.2771084337349397,"tombs, tomb, monuments, monument, tablet, architecture, sung_dynasty, inscription","FREX: tombs, tomb, monuments, monument, tablet, architecture, sung_dynasty, inscription, inscriptions, bottles | Prob: stone, sung, ming, han, ang, emperor, ien, ing, yuan, hsi | Representative: ON THE CHINESE COINS AND SMALL PORCELAIN BOTTLES FOUND IN EGYPT.; The Mystery of Ta - ts ' in; On the Stone figures at Chinese tombs and the offering of living sacrifices; Stone drums of the Chou Dynasty, The *"
1890,stm,20,11,0.0813019453684553,9,0.2368421052631578,"tombs, tomb, monuments, monument, tablet, architecture, sung_dynasty, inscription","FREX: tombs, tomb, monuments, monument, tablet, architecture, sung_dynasty, inscription, inscriptions, bottles | Prob: stone, sung, ming, han, ang, emperor, ien, ing, yuan, hsi | Representative: ON THE CHINESE COINS AND SMALL PORCELAIN BOTTLES FOUND IN EGYPT.; The Mystery of Ta - ts ' in; On the Stone figures at Chinese tombs and the offering of living sacrifices; Stone drums of the Chou Dynasty, The *"
1900,stm,20,11,0.0688111473684563,8,0.2666666666666666,"tombs, tomb, monuments, monument, tablet, architecture, sung_dynasty, inscription","FREX: tombs, tomb, monuments, monument, tablet, architecture, sung_dynasty, inscription, inscriptions, bottles | Prob: stone, sung, ming, han, ang, emperor, ien, ing, yuan, hsi | Representative: ON THE CHINESE COINS AND SMALL PORCELAIN BOTTLES FOUND IN EGYPT.; The Mystery of Ta - ts ' in; On the Stone figures at Chinese tombs and the offering of living sacrifices; Stone drums of the Chou Dynasty, The *"
1910,stm,20,11,0.0961425345031474,29,0.3118279569892473,"tombs, tomb, monuments, monument, tablet, architecture, sung_dynasty, inscription","FREX: tombs, tomb, monuments, monument, tablet, architecture, sung_dynasty, inscription, inscriptions, bottles | Prob: stone, sung, ming, han, ang, emperor, ien, ing, yuan, hsi | Representative: ON THE CHINESE COINS AND SMALL PORCELAIN BOTTLES FOUND IN EGYPT.; The Mystery of Ta - ts ' in; On the Stone figures at Chinese tombs and the offering of living sacrifices; Stone drums of the Chou Dynasty, The *"
1920,stm,20,11,0.0623738517698836,31,0.2520325203252032,"tombs, tomb, monuments, monument, tablet, architecture, sung_dynasty, inscription","FREX: tombs, tomb, monuments, monument, tablet, architecture, sung_dynasty, inscription, inscriptions, bottles | Prob: stone, sung, ming, han, ang, emperor, ien, ing, yuan, hsi | Representative: ON THE CHINESE COINS AND SMALL PORCELAIN BOTTLES FOUND IN EGYPT.; The Mystery of Ta - ts ' in; On the Stone figures at Chinese tombs and the offering of living sacrifices; Stone drums of the Chou Dynasty, The *"
1930,stm,20,11,0.0662384810214918,7,0.2916666666666667,"tombs, tomb, monuments, monument, tablet, architecture, sung_dynasty, inscription","FREX: tombs, tomb, monuments, monument, tablet, architecture, sung_dynasty, inscription, inscriptions, bottles | Prob: stone, sung, ming, han, ang, emperor, ien, ing, yuan, hsi | Representative: ON THE CHINESE COINS AND SMALL PORCELAIN BOTTLES FOUND IN EGYPT.; The Mystery of Ta - ts ' in; On the Stone figures at Chinese tombs and the offering of living sacrifices; Stone drums of the Chou Dynasty, The *"
1940,stm,20,11,0.2493552200586164,1,1.0,"tombs, tomb, monuments, monument, tablet, architecture, sung_dynasty, inscription","FREX: tombs, tomb, monuments, monument, tablet, architecture, sung_dynasty, inscription, inscriptions, bottles | Prob: stone, sung, ming, han, ang, emperor, ien, ing, yuan, hsi | Representative: ON THE CHINESE COINS AND SMALL PORCELAIN BOTTLES FOUND IN EGYPT.; The Mystery of Ta - ts ' in; On the Stone figures at Chinese tombs and the offering of living sacrifices; Stone drums of the Chou Dynasty, The *"
1850,stm,20,12,0.0810404484015513,4,0.1212121212121212,"destiny, moral, doctrine, duke, virtue, lao_tzu, confucius, sages","FREX: destiny, moral, doctrine, duke, virtue, lao_tzu, confucius, sages, mencius, universe | Prob: confucius, nature, heaven, king, tzu, things, mind, music, world, human | Representative: Chinese sophists, The; Chinese chess *; Wei - ch ' i *; Destiny, fate"
1860,stm,20,12,0.0750548602937495,13,0.25,"destiny, moral, doctrine, duke, virtue, lao_tzu, confucius, sages","FREX: destiny, moral, doctrine, duke, virtue, lao_tzu, confucius, sages, mencius, universe | Prob: confucius, nature, heaven, king, tzu, things, mind, music, world, human | Representative: Chinese sophists, The; Chinese chess *; Wei - ch ' i *; Destiny, fate"
1870,stm,20,12,0.0237435682453156,8,0.1311475409836065,"destiny, moral, doctrine, duke, virtue, lao_tzu, confucius, sages","FREX: destiny, moral, doctrine, duke, virtue, lao_tzu, confucius, sages, mencius, universe | Prob: confucius, nature, heaven, king, tzu, things, mind, music, world, human | Representative: Chinese sophists, The; Chinese chess *; Wei - ch ' i *; Destiny, fate"
1880,stm,20,12,0.0609953526207197,15,0.180722891566265,"destiny, moral, doctrine, duke, virtue, lao_tzu, confucius, sages","FREX: destiny, moral, doctrine, duke, virtue, lao_tzu, confucius, sages, mencius, universe | Prob: confucius, nature, heaven, king, tzu, things, mind, music, world, human | Representative: Chinese sophists, The; Chinese chess *; Wei - ch ' i *; Destiny, fate"
1890,stm,20,12,0.0923642954743318,7,0.1842105263157894,"destiny, moral, doctrine, duke, virtue, lao_tzu, confucius, sages","FREX: destiny, moral, doctrine, duke, virtue, lao_tzu, confucius, sages, mencius, universe | Prob: confucius, nature, heaven, king, tzu, things, mind, music, world, human | Representative: Chinese sophists, The; Chinese chess *; Wei - ch ' i *; Destiny, fate"
1900,stm,20,12,0.0984635185743585,7,0.2333333333333333,"destiny, moral, doctrine, duke, virtue, lao_tzu, confucius, sages","FREX: destiny, moral, doctrine, duke, virtue, lao_tzu, confucius, sages, mencius, universe | Prob: confucius, nature, heaven, king, tzu, things, mind, music, world, human | Representative: Chinese sophists, The; Chinese chess *; Wei - ch ' i *; Destiny, fate"
1910,stm,20,12,0.0991747773295627,33,0.3548387096774194,"destiny, moral, doctrine, duke, virtue, lao_tzu, confucius, sages","FREX: destiny, moral, doctrine, duke, virtue, lao_tzu, confucius, sages, mencius, universe | Prob: confucius, nature, heaven, king, tzu, things, mind, music, world, human | Representative: Chinese sophists, The; Chinese chess *; Wei - ch ' i *; Destiny, fate"
1920,stm,20,12,0.1284758645552066,49,0.3983739837398374,"destiny, moral, doctrine, duke, virtue, lao_tzu, confucius, sages","FREX: destiny, moral, doctrine, duke, virtue, lao_tzu, confucius, sages, mencius, universe | Prob: confucius, nature, heaven, king, tzu, things, mind, music, world, human | Representative: Chinese sophists, The; Chinese chess *; Wei - ch ' i *; Destiny, fate"
1930,stm,20,12,0.1858935801466392,12,0.5,"destiny, moral, doctrine, duke, virtue, lao_tzu, confucius, sages","FREX: destiny, moral, doctrine, duke, virtue, lao_tzu, confucius, sages, mencius, universe | Prob: confucius, nature, heaven, king, tzu, things, mind, music, world, human | Representative: Chinese sophists, The; Chinese chess *; Wei - ch ' i *; Destiny, fate"
1940,stm,20,12,0.0179183056344816,0,0.0,"destiny, moral, doctrine, duke, virtue, lao_tzu, confucius, sages","FREX: destiny, moral, doctrine, duke, virtue, lao_tzu, confucius, sages, mencius, universe | Prob: confucius, nature, heaven, king, tzu, things, mind, music, world, human | Representative: Chinese sophists, The; Chinese chess *; Wei - ch ' i *; Destiny, fate"
1850,stm,20,13,0.0153215721311471,1,0.0303030303030303,"altar, hall, eunuchs, incense, eunuch, sacrifice, gods, god","FREX: altar, hall, eunuchs, incense, eunuch, sacrifice, gods, god, worshipped, magistrate | Prob: emperor, heaven, god, temple, hall, city, dragon, worship, palace, shall | Representative: Chinese poetry and its connotations *; Family law of the Chinese, The; State religion of china during the Manchu Dynasty, The *; Marriage maker, The"
1860,stm,20,13,0.0530623231653643,14,0.2692307692307692,"altar, hall, eunuchs, incense, eunuch, sacrifice, gods, god","FREX: altar, hall, eunuchs, incense, eunuch, sacrifice, gods, god, worshipped, magistrate | Prob: emperor, heaven, god, temple, hall, city, dragon, worship, palace, shall | Representative: Chinese poetry and its connotations *; Family law of the Chinese, The; State religion of china during the Manchu Dynasty, The *; Marriage maker, The"
1870,stm,20,13,0.0669322684729096,16,0.2622950819672131,"altar, hall, eunuchs, incense, eunuch, sacrifice, gods, god","FREX: altar, hall, eunuchs, incense, eunuch, sacrifice, gods, god, worshipped, magistrate | Prob: emperor, heaven, god, temple, hall, city, dragon, worship, palace, shall | Representative: Chinese poetry and its connotations *; Family law of the Chinese, The; State religion of china during the Manchu Dynasty, The *; Marriage maker, The"
1880,stm,20,13,0.0526661754457435,17,0.2048192771084337,"altar, hall, eunuchs, incense, eunuch, sacrifice, gods, god","FREX: altar, hall, eunuchs, incense, eunuch, sacrifice, gods, god, worshipped, magistrate | Prob: emperor, heaven, god, temple, hall, city, dragon, worship, palace, shall | Representative: Chinese poetry and its connotations *; Family law of the Chinese, The; State religion of china during the Manchu Dynasty, The *; Marriage maker, The"
1890,stm,20,13,0.1042737286952627,11,0.2894736842105263,"altar, hall, eunuchs, incense, eunuch, sacrifice, gods, god","FREX: altar, hall, eunuchs, incense, eunuch, sacrifice, gods, god, worshipped, magistrate | Prob: emperor, heaven, god, temple, hall, city, dragon, worship, palace, shall | Representative: Chinese poetry and its connotations *; Family law of the Chinese, The; State religion of china during the Manchu Dynasty, The *; Marriage maker, The"
1900,stm,20,13,0.0783194966297137,8,0.2666666666666666,"altar, hall, eunuchs, incense, eunuch, sacrifice, gods, god","FREX: altar, hall, eunuchs, incense, eunuch, sacrifice, gods, god, worshipped, magistrate | Prob: emperor, heaven, god, temple, hall, city, dragon, worship, palace, shall | Representative: Chinese poetry and its connotations *; Family law of the Chinese, The; State religion of china during the Manchu Dynasty, The *; Marriage maker, The"
1910,stm,20,13,0.1323260922696121,42,0.4516129032258064,"altar, hall, eunuchs, incense, eunuch, sacrifice, gods, god","FREX: altar, hall, eunuchs, incense, eunuch, sacrifice, gods, god, worshipped, magistrate | Prob: emperor, heaven, god, temple, hall, city, dragon, worship, palace, shall | Representative: Chinese poetry and its connotations *; Family law of the Chinese, The; State religion of china during the Manchu Dynasty, The *; Marriage maker, The"
1920,stm,20,13,0.1756336694994388,53,0.4308943089430894,"altar, hall, eunuchs, incense, eunuch, sacrifice, gods, god","FREX: altar, hall, eunuchs, incense, eunuch, sacrifice, gods, god, worshipped, magistrate | Prob: emperor, heaven, god, temple, hall, city, dragon, worship, palace, shall | Representative: Chinese poetry and its connotations *; Family law of the Chinese, The; State religion of china during the Manchu Dynasty, The *; Marriage maker, The"
1930,stm,20,13,0.0788408463526532,5,0.2083333333333333,"altar, hall, eunuchs, incense, eunuch, sacrifice, gods, god","FREX: altar, hall, eunuchs, incense, eunuch, sacrifice, gods, god, worshipped, magistrate | Prob: emperor, heaven, god, temple, hall, city, dragon, worship, palace, shall | Representative: Chinese poetry and its connotations *; Family law of the Chinese, The; State religion of china during the Manchu Dynasty, The *; Marriage maker, The"
1940,stm,20,13,0.0385434945491762,0,0.0,"altar, hall, eunuchs, incense, eunuch, sacrifice, gods, god","FREX: altar, hall, eunuchs, incense, eunuch, sacrifice, gods, god, worshipped, magistrate | Prob: emperor, heaven, god, temple, hall, city, dragon, worship, palace, shall | Representative: Chinese poetry and its connotations *; Family law of the Chinese, The; State religion of china during the Manchu Dynasty, The *; Marriage maker, The"
1850,stm,20,14,0.0497476081591597,6,0.1818181818181818,"marriage, husband, parents, children, wife, girls, wear, marry","FREX: marriage, husband, parents, children, wife, girls, wear, marry, child, woman | Prob: family, law, children, wife, marriage, women, husband, son, father, death | Representative: The Family law of the Chinese and its comparative relations with that of other nations; The Fish - skin Tartars; Family law of the Chinese, The; Sketches of the Miau - tsze"
1860,stm,20,14,0.0313749172069833,10,0.1923076923076923,"marriage, husband, parents, children, wife, girls, wear, marry","FREX: marriage, husband, parents, children, wife, girls, wear, marry, child, woman | Prob: family, law, children, wife, marriage, women, husband, son, father, death | Representative: The Family law of the Chinese and its comparative relations with that of other nations; The Fish - skin Tartars; Family law of the Chinese, The; Sketches of the Miau - tsze"
1870,stm,20,14,0.0709959653990976,15,0.2459016393442623,"marriage, husband, parents, children, wife, girls, wear, marry","FREX: marriage, husband, parents, children, wife, girls, wear, marry, child, woman | Prob: family, law, children, wife, marriage, women, husband, son, father, death | Representative: The Family law of the Chinese and its comparative relations with that of other nations; The Fish - skin Tartars; Family law of the Chinese, The; Sketches of the Miau - tsze"
1880,stm,20,14,0.0464153206514288,16,0.1927710843373494,"marriage, husband, parents, children, wife, girls, wear, marry","FREX: marriage, husband, parents, children, wife, girls, wear, marry, child, woman | Prob: family, law, children, wife, marriage, women, husband, son, father, death | Representative: The Family law of the Chinese and its comparative relations with that of other nations; The Fish - skin Tartars; Family law of the Chinese, The; Sketches of the Miau - tsze"
1890,stm,20,14,0.1360394008604214,15,0.3947368421052631,"marriage, husband, parents, children, wife, girls, wear, marry","FREX: marriage, husband, parents, children, wife, girls, wear, marry, child, woman | Prob: family, law, children, wife, marriage, women, husband, son, father, death | Representative: The Family law of the Chinese and its comparative relations with that of other nations; The Fish - skin Tartars; Family law of the Chinese, The; Sketches of the Miau - tsze"
1900,stm,20,14,0.1278907498946625,11,0.3666666666666666,"marriage, husband, parents, children, wife, girls, wear, marry","FREX: marriage, husband, parents, children, wife, girls, wear, marry, child, woman | Prob: family, law, children, wife, marriage, women, husband, son, father, death | Representative: The Family law of the Chinese and its comparative relations with that of other nations; The Fish - skin Tartars; Family law of the Chinese, The; Sketches of the Miau - tsze"
1910,stm,20,14,0.0402180401804943,23,0.2473118279569892,"marriage, husband, parents, children, wife, girls, wear, marry","FREX: marriage, husband, parents, children, wife, girls, wear, marry, child, woman | Prob: family, law, children, wife, marriage, women, husband, son, father, death | Representative: The Family law of the Chinese and its comparative relations with that of other nations; The Fish - skin Tartars; Family law of the Chinese, The; Sketches of the Miau - tsze"
1920,stm,20,14,0.0472301409836019,29,0.2357723577235772,"marriage, husband, parents, children, wife, girls, wear, marry","FREX: marriage, husband, parents, children, wife, girls, wear, marry, child, woman | Prob: family, law, children, wife, marriage, women, husband, son, father, death | Representative: The Family law of the Chinese and its comparative relations with that of other nations; The Fish - skin Tartars; Family law of the Chinese, The; Sketches of the Miau - tsze"
1930,stm,20,14,0.0093713780666575,2,0.0833333333333333,"marriage, husband, parents, children, wife, girls, wear, marry","FREX: marriage, husband, parents, children, wife, girls, wear, marry, child, woman | Prob: family, law, children, wife, marriage, women, husband, son, father, death | Representative: The Family law of the Chinese and its comparative relations with that of other nations; The Fish - skin Tartars; Family law of the Chinese, The; Sketches of the Miau - tsze"
1940,stm,20,14,0.1668917230704967,1,1.0,"marriage, husband, parents, children, wife, girls, wear, marry","FREX: marriage, husband, parents, children, wife, girls, wear, marry, child, woman | Prob: family, law, children, wife, marriage, women, husband, son, father, death | Representative: The Family law of the Chinese and its comparative relations with that of other nations; The Fish - skin Tartars; Family law of the Chinese, The; Sketches of the Miau - tsze"
1850,stm,20,15,0.0024391847871404,1,0.0303030303030303,"jap, infra, shi_king, hai_king, shuo_wen, shan_hai, eaten, supra","FREX: jap, infra, shi_king, hai_king, shuo_wen, shan_hai, eaten, supra, synonym, siebold | Prob: plant, leaves, tree, king, shi, flowers, shu, fruit, plants, family | Representative: Chinese names of plants; Plants from Peitaiho; Java; Corea"
1860,stm,20,15,0.0089666376121498,4,0.0769230769230769,"jap, infra, shi_king, hai_king, shuo_wen, shan_hai, eaten, supra","FREX: jap, infra, shi_king, hai_king, shuo_wen, shan_hai, eaten, supra, synonym, siebold | Prob: plant, leaves, tree, king, shi, flowers, shu, fruit, plants, family | Representative: Chinese names of plants; Plants from Peitaiho; Java; Corea"
1870,stm,20,15,0.0053889067163132,1,0.0163934426229508,"jap, infra, shi_king, hai_king, shuo_wen, shan_hai, eaten, supra","FREX: jap, infra, shi_king, hai_king, shuo_wen, shan_hai, eaten, supra, synonym, siebold | Prob: plant, leaves, tree, king, shi, flowers, shu, fruit, plants, family | Representative: Chinese names of plants; Plants from Peitaiho; Java; Corea"
1880,stm,20,15,0.0351681924415644,7,0.0843373493975903,"jap, infra, shi_king, hai_king, shuo_wen, shan_hai, eaten, supra","FREX: jap, infra, shi_king, hai_king, shuo_wen, shan_hai, eaten, supra, synonym, siebold | Prob: plant, leaves, tree, king, shi, flowers, shu, fruit, plants, family | Representative: Chinese names of plants; Plants from Peitaiho; Java; Corea"
1890,stm,20,15,0.0030133884138847,1,0.0263157894736842,"jap, infra, shi_king, hai_king, shuo_wen, shan_hai, eaten, supra","FREX: jap, infra, shi_king, hai_king, shuo_wen, shan_hai, eaten, supra, synonym, siebold | Prob: plant, leaves, tree, king, shi, flowers, shu, fruit, plants, family | Representative: Chinese names of plants; Plants from Peitaiho; Java; Corea"
1900,stm,20,15,0.0248705821040903,1,0.0333333333333333,"jap, infra, shi_king, hai_king, shuo_wen, shan_hai, eaten, supra","FREX: jap, infra, shi_king, hai_king, shuo_wen, shan_hai, eaten, supra, synonym, siebold | Prob: plant, leaves, tree, king, shi, flowers, shu, fruit, plants, family | Representative: Chinese names of plants; Plants from Peitaiho; Java; Corea"
1910,stm,20,15,0.0031158828310517,3,0.032258064516129,"jap, infra, shi_king, hai_king, shuo_wen, shan_hai, eaten, supra","FREX: jap, infra, shi_king, hai_king, shuo_wen, shan_hai, eaten, supra, synonym, siebold | Prob: plant, leaves, tree, king, shi, flowers, shu, fruit, plants, family | Representative: Chinese names of plants; Plants from Peitaiho; Java; Corea"
1920,stm,20,15,0.0181875654856429,5,0.040650406504065,"jap, infra, shi_king, hai_king, shuo_wen, shan_hai, eaten, supra","FREX: jap, infra, shi_king, hai_king, shuo_wen, shan_hai, eaten, supra, synonym, siebold | Prob: plant, leaves, tree, king, shi, flowers, shu, fruit, plants, family | Representative: Chinese names of plants; Plants from Peitaiho; Java; Corea"
1930,stm,20,15,0.0037279918196225,0,0.0,"jap, infra, shi_king, hai_king, shuo_wen, shan_hai, eaten, supra","FREX: jap, infra, shi_king, hai_king, shuo_wen, shan_hai, eaten, supra, synonym, siebold | Prob: plant, leaves, tree, king, shi, flowers, shu, fruit, plants, family | Representative: Chinese names of plants; Plants from Peitaiho; Java; Corea"
1940,stm,20,15,3.749400672193724e-05,0,0.0,"jap, infra, shi_king, hai_king, shuo_wen, shan_hai, eaten, supra","FREX: jap, infra, shi_king, hai_king, shuo_wen, shan_hai, eaten, supra, synonym, siebold | Prob: plant, leaves, tree, king, shi, flowers, shu, fruit, plants, family | Representative: Chinese names of plants; Plants from Peitaiho; Java; Corea"
1850,stm,20,16,0.1444180621194952,10,0.303030303030303,"library, vols, bithe, chinese_law, student, libraries, languages, manchu","FREX: library, vols, bithe, chinese_law, student, libraries, languages, manchu, vide, writing | Prob: manchu, art, characters, book, language, words, books, study, works, word | Representative: Can Chinese writing be simplified ?; Western transcription of Chinese, The; Why the sinologue should study manchu ?; Essay on Manchu literature"
1860,stm,20,16,0.0340884332899681,11,0.2115384615384615,"library, vols, bithe, chinese_law, student, libraries, languages, manchu","FREX: library, vols, bithe, chinese_law, student, libraries, languages, manchu, vide, writing | Prob: manchu, art, characters, book, language, words, books, study, works, word | Representative: Can Chinese writing be simplified ?; Western transcription of Chinese, The; Why the sinologue should study manchu ?; Essay on Manchu literature"
1870,stm,20,16,0.0833655708114408,15,0.2459016393442623,"library, vols, bithe, chinese_law, student, libraries, languages, manchu","FREX: library, vols, bithe, chinese_law, student, libraries, languages, manchu, vide, writing | Prob: manchu, art, characters, book, language, words, books, study, works, word | Representative: Can Chinese writing be simplified ?; Western transcription of Chinese, The; Why the sinologue should study manchu ?; Essay on Manchu literature"
1880,stm,20,16,0.1348280166280286,37,0.4457831325301205,"library, vols, bithe, chinese_law, student, libraries, languages, manchu","FREX: library, vols, bithe, chinese_law, student, libraries, languages, manchu, vide, writing | Prob: manchu, art, characters, book, language, words, books, study, works, word | Representative: Can Chinese writing be simplified ?; Western transcription of Chinese, The; Why the sinologue should study manchu ?; Essay on Manchu literature"
1890,stm,20,16,0.0728621215371279,6,0.1578947368421052,"library, vols, bithe, chinese_law, student, libraries, languages, manchu","FREX: library, vols, bithe, chinese_law, student, libraries, languages, manchu, vide, writing | Prob: manchu, art, characters, book, language, words, books, study, works, word | Representative: Can Chinese writing be simplified ?; Western transcription of Chinese, The; Why the sinologue should study manchu ?; Essay on Manchu literature"
1900,stm,20,16,0.0670110299511281,7,0.2333333333333333,"library, vols, bithe, chinese_law, student, libraries, languages, manchu","FREX: library, vols, bithe, chinese_law, student, libraries, languages, manchu, vide, writing | Prob: manchu, art, characters, book, language, words, books, study, works, word | Representative: Can Chinese writing be simplified ?; Western transcription of Chinese, The; Why the sinologue should study manchu ?; Essay on Manchu literature"
1910,stm,20,16,0.127030944642593,37,0.3978494623655914,"library, vols, bithe, chinese_law, student, libraries, languages, manchu","FREX: library, vols, bithe, chinese_law, student, libraries, languages, manchu, vide, writing | Prob: manchu, art, characters, book, language, words, books, study, works, word | Representative: Can Chinese writing be simplified ?; Western transcription of Chinese, The; Why the sinologue should study manchu ?; Essay on Manchu literature"
1920,stm,20,16,0.1172186606445474,50,0.4065040650406504,"library, vols, bithe, chinese_law, student, libraries, languages, manchu","FREX: library, vols, bithe, chinese_law, student, libraries, languages, manchu, vide, writing | Prob: manchu, art, characters, book, language, words, books, study, works, word | Representative: Can Chinese writing be simplified ?; Western transcription of Chinese, The; Why the sinologue should study manchu ?; Essay on Manchu literature"
1930,stm,20,16,0.2698896679085464,18,0.75,"library, vols, bithe, chinese_law, student, libraries, languages, manchu","FREX: library, vols, bithe, chinese_law, student, libraries, languages, manchu, vide, writing | Prob: manchu, art, characters, book, language, words, books, study, works, word | Representative: Can Chinese writing be simplified ?; Western transcription of Chinese, The; Why the sinologue should study manchu ?; Essay on Manchu literature"
1940,stm,20,16,0.0338895110529257,0,0.0,"library, vols, bithe, chinese_law, student, libraries, languages, manchu","FREX: library, vols, bithe, chinese_law, student, libraries, languages, manchu, vide, writing | Prob: manchu, art, characters, book, language, words, books, study, works, word | Representative: Can Chinese writing be simplified ?; Western transcription of Chinese, The; Why the sinologue should study manchu ?; Essay on Manchu literature"
1850,stm,20,17,0.2676607743639434,19,0.5757575757575758,"treaty, commissioners, ships, settlement, forts, ward, foreigners, treaties","FREX: treaty, commissioners, ships, settlement, forts, ward, foreigners, treaties, retrospect, party | Prob: government, foreign, emperor, sent, peking, shanghai, japanese, japan, canton, soon | Representative: Recollections of China prior to 1840; Retrospect of events in China and Japan, 1868; Retrospect of events in China and Japan, 1869, 1870; Narrative of the American Embassy to Peking"
1860,stm,20,17,0.1991500038805097,24,0.4615384615384615,"treaty, commissioners, ships, settlement, forts, ward, foreigners, treaties","FREX: treaty, commissioners, ships, settlement, forts, ward, foreigners, treaties, retrospect, party | Prob: government, foreign, emperor, sent, peking, shanghai, japanese, japan, canton, soon | Representative: Recollections of China prior to 1840; Retrospect of events in China and Japan, 1868; Retrospect of events in China and Japan, 1869, 1870; Narrative of the American Embassy to Peking"
1870,stm,20,17,0.0780942876209631,17,0.2786885245901639,"treaty, commissioners, ships, settlement, forts, ward, foreigners, treaties","FREX: treaty, commissioners, ships, settlement, forts, ward, foreigners, treaties, retrospect, party | Prob: government, foreign, emperor, sent, peking, shanghai, japanese, japan, canton, soon | Representative: Recollections of China prior to 1840; Retrospect of events in China and Japan, 1868; Retrospect of events in China and Japan, 1869, 1870; Narrative of the American Embassy to Peking"
1880,stm,20,17,0.0867482726580992,26,0.3132530120481928,"treaty, commissioners, ships, settlement, forts, ward, foreigners, treaties","FREX: treaty, commissioners, ships, settlement, forts, ward, foreigners, treaties, retrospect, party | Prob: government, foreign, emperor, sent, peking, shanghai, japanese, japan, canton, soon | Representative: Recollections of China prior to 1840; Retrospect of events in China and Japan, 1868; Retrospect of events in China and Japan, 1869, 1870; Narrative of the American Embassy to Peking"
1890,stm,20,17,0.0647432961663783,9,0.2368421052631578,"treaty, commissioners, ships, settlement, forts, ward, foreigners, treaties","FREX: treaty, commissioners, ships, settlement, forts, ward, foreigners, treaties, retrospect, party | Prob: government, foreign, emperor, sent, peking, shanghai, japanese, japan, canton, soon | Representative: Recollections of China prior to 1840; Retrospect of events in China and Japan, 1868; Retrospect of events in China and Japan, 1869, 1870; Narrative of the American Embassy to Peking"
1900,stm,20,17,0.0719702835463275,10,0.3333333333333333,"treaty, commissioners, ships, settlement, forts, ward, foreigners, treaties","FREX: treaty, commissioners, ships, settlement, forts, ward, foreigners, treaties, retrospect, party | Prob: government, foreign, emperor, sent, peking, shanghai, japanese, japan, canton, soon | Representative: Recollections of China prior to 1840; Retrospect of events in China and Japan, 1868; Retrospect of events in China and Japan, 1869, 1870; Narrative of the American Embassy to Peking"
1910,stm,20,17,0.0378250236108777,15,0.1612903225806451,"treaty, commissioners, ships, settlement, forts, ward, foreigners, treaties","FREX: treaty, commissioners, ships, settlement, forts, ward, foreigners, treaties, retrospect, party | Prob: government, foreign, emperor, sent, peking, shanghai, japanese, japan, canton, soon | Representative: Recollections of China prior to 1840; Retrospect of events in China and Japan, 1868; Retrospect of events in China and Japan, 1869, 1870; Narrative of the American Embassy to Peking"
1920,stm,20,17,0.0611621200576681,25,0.2032520325203252,"treaty, commissioners, ships, settlement, forts, ward, foreigners, treaties","FREX: treaty, commissioners, ships, settlement, forts, ward, foreigners, treaties, retrospect, party | Prob: government, foreign, emperor, sent, peking, shanghai, japanese, japan, canton, soon | Representative: Recollections of China prior to 1840; Retrospect of events in China and Japan, 1868; Retrospect of events in China and Japan, 1869, 1870; Narrative of the American Embassy to Peking"
1930,stm,20,17,0.048407504287849,2,0.0833333333333333,"treaty, commissioners, ships, settlement, forts, ward, foreigners, treaties","FREX: treaty, commissioners, ships, settlement, forts, ward, foreigners, treaties, retrospect, party | Prob: government, foreign, emperor, sent, peking, shanghai, japanese, japan, canton, soon | Representative: Recollections of China prior to 1840; Retrospect of events in China and Japan, 1868; Retrospect of events in China and Japan, 1869, 1870; Narrative of the American Embassy to Peking"
1940,stm,20,17,0.0238749019736245,0,0.0,"treaty, commissioners, ships, settlement, forts, ward, foreigners, treaties","FREX: treaty, commissioners, ships, settlement, forts, ward, foreigners, treaties, retrospect, party | Prob: government, foreign, emperor, sent, peking, shanghai, japanese, japan, canton, soon | Representative: Recollections of China prior to 1840; Retrospect of events in China and Japan, 1868; Retrospect of events in China and Japan, 1869, 1870; Narrative of the American Embassy to Peking"
1850,stm,20,18,0.0404010603756789,2,0.0606060606060606,"currency, obverse, coins, coin, coinage, tael, reverse, guild","FREX: currency, obverse, coins, coin, coinage, tael, reverse, guild, mint, obverse_reverse | Prob: cash, silver, coins, reverse, currency, copper, obverse, value, gold, coin | Representative: Coins of the Republic of China *; Currency in China *; Coinage of Corea, The *; Coins of the Ta - ts'ing or present dynasty of China *"
1860,stm,20,18,0.0061619702918572,3,0.0576923076923076,"currency, obverse, coins, coin, coinage, tael, reverse, guild","FREX: currency, obverse, coins, coin, coinage, tael, reverse, guild, mint, obverse_reverse | Prob: cash, silver, coins, reverse, currency, copper, obverse, value, gold, coin | Representative: Coins of the Republic of China *; Currency in China *; Coinage of Corea, The *; Coins of the Ta - ts'ing or present dynasty of China *"
1870,stm,20,18,0.013555879696285,1,0.0163934426229508,"currency, obverse, coins, coin, coinage, tael, reverse, guild","FREX: currency, obverse, coins, coin, coinage, tael, reverse, guild, mint, obverse_reverse | Prob: cash, silver, coins, reverse, currency, copper, obverse, value, gold, coin | Representative: Coins of the Republic of China *; Currency in China *; Coinage of Corea, The *; Coins of the Ta - ts'ing or present dynasty of China *"
1880,stm,20,18,0.0589432491482666,13,0.1566265060240964,"currency, obverse, coins, coin, coinage, tael, reverse, guild","FREX: currency, obverse, coins, coin, coinage, tael, reverse, guild, mint, obverse_reverse | Prob: cash, silver, coins, reverse, currency, copper, obverse, value, gold, coin | Representative: Coins of the Republic of China *; Currency in China *; Coinage of Corea, The *; Coins of the Ta - ts'ing or present dynasty of China *"
1890,stm,20,18,0.0626445471048269,5,0.131578947368421,"currency, obverse, coins, coin, coinage, tael, reverse, guild","FREX: currency, obverse, coins, coin, coinage, tael, reverse, guild, mint, obverse_reverse | Prob: cash, silver, coins, reverse, currency, copper, obverse, value, gold, coin | Representative: Coins of the Republic of China *; Currency in China *; Coinage of Corea, The *; Coins of the Ta - ts'ing or present dynasty of China *"
1900,stm,20,18,0.0884500502709115,4,0.1333333333333333,"currency, obverse, coins, coin, coinage, tael, reverse, guild","FREX: currency, obverse, coins, coin, coinage, tael, reverse, guild, mint, obverse_reverse | Prob: cash, silver, coins, reverse, currency, copper, obverse, value, gold, coin | Representative: Coins of the Republic of China *; Currency in China *; Coinage of Corea, The *; Coins of the Ta - ts'ing or present dynasty of China *"
1910,stm,20,18,0.0253283891606235,4,0.043010752688172,"currency, obverse, coins, coin, coinage, tael, reverse, guild","FREX: currency, obverse, coins, coin, coinage, tael, reverse, guild, mint, obverse_reverse | Prob: cash, silver, coins, reverse, currency, copper, obverse, value, gold, coin | Representative: Coins of the Republic of China *; Currency in China *; Coinage of Corea, The *; Coins of the Ta - ts'ing or present dynasty of China *"
1920,stm,20,18,0.0088017112292257,3,0.024390243902439,"currency, obverse, coins, coin, coinage, tael, reverse, guild","FREX: currency, obverse, coins, coin, coinage, tael, reverse, guild, mint, obverse_reverse | Prob: cash, silver, coins, reverse, currency, copper, obverse, value, gold, coin | Representative: Coins of the Republic of China *; Currency in China *; Coinage of Corea, The *; Coins of the Ta - ts'ing or present dynasty of China *"
1930,stm,20,18,0.001252517040859,0,0.0,"currency, obverse, coins, coin, coinage, tael, reverse, guild","FREX: currency, obverse, coins, coin, coinage, tael, reverse, guild, mint, obverse_reverse | Prob: cash, silver, coins, reverse, currency, copper, obverse, value, gold, coin | Representative: Coins of the Republic of China *; Currency in China *; Coinage of Corea, The *; Coins of the Ta - ts'ing or present dynasty of China *"
1940,stm,20,18,0.0011047591810186,0,0.0,"currency, obverse, coins, coin, coinage, tael, reverse, guild","FREX: currency, obverse, coins, coin, coinage, tael, reverse, guild, mint, obverse_reverse | Prob: cash, silver, coins, reverse, currency, copper, obverse, value, gold, coin | Representative: Coins of the Republic of China *; Currency in China *; Coinage of Corea, The *; Coins of the Ta - ts'ing or present dynasty of China *"
1850,stm,20,19,0.0441690222426425,6,0.1818181818181818,"coal, limestone, mineral, rocks, geological, formation, geology, sandstone","FREX: coal, limestone, mineral, rocks, geological, formation, geology, sandstone, strata, desert | Prob: coal, sea, feet, river, miles, rocks, iron, island, mountains, surface | Representative: Notes on the coal and Iron Ore deposits of Central Shansi; A Sketch of the Geology of Quang -tung Province; Researches into the geology of Formosa *; China's petrified sun - rays"
1860,stm,20,19,0.1844518524202521,27,0.5192307692307693,"coal, limestone, mineral, rocks, geological, formation, geology, sandstone","FREX: coal, limestone, mineral, rocks, geological, formation, geology, sandstone, strata, desert | Prob: coal, sea, feet, river, miles, rocks, iron, island, mountains, surface | Representative: Notes on the coal and Iron Ore deposits of Central Shansi; A Sketch of the Geology of Quang -tung Province; Researches into the geology of Formosa *; China's petrified sun - rays"
1870,stm,20,19,0.0455796529980327,12,0.1967213114754098,"coal, limestone, mineral, rocks, geological, formation, geology, sandstone","FREX: coal, limestone, mineral, rocks, geological, formation, geology, sandstone, strata, desert | Prob: coal, sea, feet, river, miles, rocks, iron, island, mountains, surface | Representative: Notes on the coal and Iron Ore deposits of Central Shansi; A Sketch of the Geology of Quang -tung Province; Researches into the geology of Formosa *; China's petrified sun - rays"
1880,stm,20,19,0.0979751940313044,17,0.2048192771084337,"coal, limestone, mineral, rocks, geological, formation, geology, sandstone","FREX: coal, limestone, mineral, rocks, geological, formation, geology, sandstone, strata, desert | Prob: coal, sea, feet, river, miles, rocks, iron, island, mountains, surface | Representative: Notes on the coal and Iron Ore deposits of Central Shansi; A Sketch of the Geology of Quang -tung Province; Researches into the geology of Formosa *; China's petrified sun - rays"
1890,stm,20,19,0.0210622305717827,5,0.131578947368421,"coal, limestone, mineral, rocks, geological, formation, geology, sandstone","FREX: coal, limestone, mineral, rocks, geological, formation, geology, sandstone, strata, desert | Prob: coal, sea, feet, river, miles, rocks, iron, island, mountains, surface | Representative: Notes on the coal and Iron Ore deposits of Central Shansi; A Sketch of the Geology of Quang -tung Province; Researches into the geology of Formosa *; China's petrified sun - rays"
1900,stm,20,19,0.016836024855469,3,0.1,"coal, limestone, mineral, rocks, geological, formation, geology, sandstone","FREX: coal, limestone, mineral, rocks, geological, formation, geology, sandstone, strata, desert | Prob: coal, sea, feet, river, miles, rocks, iron, island, mountains, surface | Representative: Notes on the coal and Iron Ore deposits of Central Shansi; A Sketch of the Geology of Quang -tung Province; Researches into the geology of Formosa *; China's petrified sun - rays"
1910,stm,20,19,0.0566839321174816,19,0.2043010752688172,"coal, limestone, mineral, rocks, geological, formation, geology, sandstone","FREX: coal, limestone, mineral, rocks, geological, formation, geology, sandstone, strata, desert | Prob: coal, sea, feet, river, miles, rocks, iron, island, mountains, surface | Representative: Notes on the coal and Iron Ore deposits of Central Shansi; A Sketch of the Geology of Quang -tung Province; Researches into the geology of Formosa *; China's petrified sun - rays"
1920,stm,20,19,0.064755736343309,19,0.1544715447154471,"coal, limestone, mineral, rocks, geological, formation, geology, sandstone","FREX: coal, limestone, mineral, rocks, geological, formation, geology, sandstone, strata, desert | Prob: coal, sea, feet, river, miles, rocks, iron, island, mountains, surface | Representative: Notes on the coal and Iron Ore deposits of Central Shansi; A Sketch of the Geology of Quang -tung Province; Researches into the geology of Formosa *; China's petrified sun - rays"
1930,stm,20,19,0.0348189858360774,6,0.25,"coal, limestone, mineral, rocks, geological, formation, geology, sandstone","FREX: coal, limestone, mineral, rocks, geological, formation, geology, sandstone, strata, desert | Prob: coal, sea, feet, river, miles, rocks, iron, island, mountains, surface | Representative: Notes on the coal and Iron Ore deposits of Central Shansi; A Sketch of the Geology of Quang -tung Province; Researches into the geology of Formosa *; China's petrified sun - rays"
1940,stm,20,19,0.0018760772945365,0,0.0,"coal, limestone, mineral, rocks, geological, formation, geology, sandstone","FREX: coal, limestone, mineral, rocks, geological, formation, geology, sandstone, strata, desert | Prob: coal, sea, feet, river, miles, rocks, iron, island, mountains, surface | Representative: Notes on the coal and Iron Ore deposits of Central Shansi; A Sketch of the Geology of Quang -tung Province; Researches into the geology of Formosa *; China's petrified sun - rays"
