master_id,year,volume,author,subject,title,year_start,year_end,notes,In PDF?
MASTER_00001,1858,OS 1 Part 1,"Edkins, J.",Buddhism,"A Buddhist Shastra , Translated from the Chinese",1858,1858,,
MASTER_00002,1858,OS 1 Part 1,"Wylie, A.",coinage,Coins of the Ta - ts'ing or present dynasty of China *,1858,1858,,
MASTER_00003,1858,OS 1 Part 1,"Macgowan, D. J.",ethnology and anthropology,Contribution to the ethnology of Eastern Asia,1858,1858,,
MASTER_00004,1858,OS 1 Part 1,"Nicolson, F. W.",meteorology,"On Cyclones , or the Law of Storms",1858,1858,,
MASTER_00005,1858,OS 1 Part 1,"Foote, A. H.",travel and general descriptions,Visit to Simoda and Hakodadi in Japan,1858,1858,,
MASTER_00006,1859,OS 1 Part 2,"Macgowan, D. J.",literature and language,Chinese bibliography,1859,1859,,
MASTER_00007,1859,OS 1 Part 2,"Shadwell, C. F. A.",meteorology,Memorandum on the present state of some of the magnetic elements in china and palces adjacent,1859,1859,,
MASTER_00008,1859,OS 1 Part 2,"Syle, E. W.",music,On the Musical Notation of the Chinese,1859,1859,,
MASTER_00009,1859,OS 1 Part 2,"Edkins, J.",philosophy,Notices of the character and writings of Meh tsi,1859,1859,"MEH TSi, mozi, 墨子",
MASTER_00010,1859,OS 1 Part 2,"Ward, J.",hydrology,"Sailing directions for the Yang - tsze Kiang, from Woosung to Hankow",1859,1859,"YANG-TSZE KIANG Yangtzi River, 扬子江, 长江；WOOSUNG, wusong, 吴淞; HANKOW, Hankou, 汉口",
MASTER_00011,1859,OS 1 Part 2,"Pompe van Meedervoort, J. L. C.",education,On the Study of the Natural Sciences in Japan,1859,1859,,
MASTER_00012,1859,OS 1 Part 2,"Fedorovitch, J.",meteorology,"Thermometrical observations, taken during a passage from Nagasaki to Shanghai",1859,1859,,
MASTER_00013,1859,OS 1 Part 2,"Williams, S. W.",travel and general descriptions,Lecture on Japan,1859,1859,,
MASTER_00014,1859,OS 1 Part 2,"Swinhoe, R.",travel and general descriptions,Narrative of a visit to the island of Formosa,1859,1859,"Formosa, the old name of Taiwan, 台湾",
MASTER_00015,1859,OS 1 Part 2,"Swinhoe, R.",zoology,Notes on some new species of birds found on the island of Formosa,1859,1859,"Formosa, the old name of Taiwan, 台湾",
MASTER_00016,1859,OS 1 Part 3,"Swinhoe, R.",zoology,The Small Chinese Lark,1859,1859,,
MASTER_00017,1859,OS 1 Part 3,"Macgowan, D. J.",law,On the Banishment of Criminals in China,1859,1859,,
MASTER_00018,1859,OS 1 Part 3,"Robertson, D. B.","agriculture, industry and trade",Cotton in China,1859,1859,,
MASTER_00019,1859,OS 1 Part 3,,meteorology,"Meteorological tables, from observations made in Japan",1859,1859,,
MASTER_00020,1859,OS 1 Part 3,"Edkins, J.",mythology,A Sketch of the Tauist Mythology in its modern form,1859,1859,,
MASTER_00021,1859,OS 1 Part 3,"Williams, S. W.",contemporary history,Narrative of the American Embassy to Peking,1859,1859,,
MASTER_00022,1859,OS 1 Part 3,"Bridgman, E. C.",ethnology and anthropology,Sketches of the Miau - tsze,1859,1859,,
MASTER_00023,1860,OS 2 Part 1,"Edkins, J.",hydrology,On the ancient mouths of Yangtsï kiang,1860,1860,,
MASTER_00024,1860,OS 2 Part 1,"Macgowan, D. J.","botany, geology, hydrology and meteorology","On the Cosmical Phenomena observed in the neighborhood of Shanghai , during the past thirteen centuries",1860,1860,,
MASTER_00025,1860,OS 2 Part 1,"Edkins, J.",Confucianism,A Sketch of the Life of Confucius,1860,1860,,
MASTER_00026,1860,OS 2 Part 1,"John, G.",philosophy,"The Ethics of the Chinese, with special reference to the doctrine of Human Nature and Sin",1860,1860,,
MASTER_00027,1860,OS 2 Part 1,"Pompe van Meedervoort, J. L. C.",literature and language,Dissection of a Japanese criminal,1860,1860,,
MASTER_00028,1860,OS 2 Part 1,"Shock, W. H.",geology,"Notes on the mineral resources of Japan, etc.",1860,1860,,
MASTER_00029,1860,OS 2 Part 1,Editorial Committee,contemporary history,"Record of occurrences, 1860",1860,1860,,
MASTER_00030,1860,OS 2 Part 1,"Shadwell, C. F. A.",meteorology,Supplemental memorandum on the present state of the magnetic elements in China and places adjacent,1860,1860,,
MASTER_00031,1860,OS 2 Part 1,"Courtney, C. F. A.",meteorology,Temperature of Hakodadi,1860,1860,,
MASTER_00032,1860,OS 2 Part 1,Editorial Committee,meteorology,Winds and weather at Chefoo,1860,1860,,
MASTER_00033,1864,NS 1,"Lindau, R.",travel and general descriptions,"Notes on the city of Yedo, the capital of Japan *",1864,1864,,
MASTER_00034,1864,NS 1,"Henderson, J.",meteorology,Notes on some of the physical causes which modify climate,1864,1864,,
MASTER_00035,1864,NS 1,"Dickson, W.",travel and general descriptions,"Narrative of an overland trip, through Hunan, from Canton to Hankow",1864,1864,"Hankow, Hankou, 汉口",
MASTER_00036,1864,NS 1,"Wylie, A.",travel and general descriptions,"Overland journey from St. Petersburg to Pekin, The",1864,1864,"Pekin, 北京",
MASTER_00037,1864,NS 1,"Henderson, J.",medicine,"Medicine and medical practice of the Chinese, The",1864,1864,,
MASTER_00038,1864,NS 1,"Canny, J. M.",travel and general descriptions,The Sea-board of Russian Manchuria,1864,1864,,
MASTER_00039,1864,NS 1,"Jamieson, R. A.",contemporary history,"Retrospect of events in the north of China, 1861-1864",1864,1864,,
MASTER_00040,1864,NS 1,"Wylie, A.",inscriptions,"Remarks on some impressions from a Lapidary Inscription at Keu - yung - kwan, on the Great Wall near Peking",1864,1864,,n
MASTER_00041,1864,NS 1,Edwards,hydrology,Extracts from a report on the present condition of the sea wall at the head of Hang - chow Bay,1864,1864,,n
MASTER_00042,1864,NS 1,"Wilds, E.",travel and general descriptions,Report on the appearance of the Rugged Islands,1864,1864,,n
MASTER_00043,1864,NS 1,Hollingworth and Piry,meteorology,"Barometric and thermometric observations taken September 1864, with a view to determining the height of Lew Shan",1864,1864,,n
MASTER_00044,1864,NS 1,"Gamble, W.",literature and language,Specimen of a new font of Chinese movable type belonging to the American Presbyterian Mission *,1864,1864,,n
MASTER_00045,1865,NS 2,Lamprey,geology,Notes on the geology of the Great Plain *,1865,1865,,
MASTER_00046,1865,NS 2,"Kingsmill, T. W.",geology,A Sketch of the Geology of Quang -tung Province,1865,1865,"Quang-Tang Province, Currently Guangdong Province, 广东省",
MASTER_00047,1865,NS 2,"Swinhoe, R.",zoology,Birds and beasts of Formosa,1865,1865,"Formosa, the old name of Taiwan, 台湾",
MASTER_00048,1865,NS 2,"Brown, S. R.",Christianity,Annals of the Western Ocean,1865,1865,,
MASTER_00049,1865,NS 2,"Collins, V. D.",botany,"Sorgo, or Northern Chinese sugar cane",1865,1865,,
MASTER_00050,1865,NS 2,"Edkins, J.",travel and general descriptions,A Visit to the Agricultural Mongols,1865,1865,,
MASTER_00051,1865,NS 2,Bastion,archaeology,The Remains of Ancient Kambodia,1865,1865,"Cambodia, 柬埔寨",
MASTER_00052,1865,NS 2,"Kingsmill, T. W.",contemporary history,Retrospect of events in China and Japan,1865,1865,,
MASTER_00053,1864,NS 1,"Jamieson, R. A.",literature and language,The Hieroglyphic Character of the Chinese written Lan. 113,1864,1864,,n
MASTER_00054,1864,NS 1,"Jarvie, R.","agriculture, industry, and trade",Respecting China grass,1864,1864,,n
MASTER_00055,1864,NS 1,"Butcher, C. H.",social customs,Notes on the funeral rites performed at the obsequies of Takee,1864,1864,,n
MASTER_00056,1864,NS 1,"Stronach, W. T.",law,"Traces of the Judicium dei, or ordeal in Chinese law",1864,1864,,n
MASTER_00057,1864,NS 1,Lamprey,chemistry,"Remarks on the "" water we use "" in Shanghai",1864,1864,,n
MASTER_00058,1864,NS 1,"Jamieson, R. A.",Buddhism and social customs,Remarks upon exhibiting a To - lo Pall to the Society,1864,1864,,n
MASTER_00059,1864,NS 1,"Martin, W. A. P.",Judaism,"Account of an overland journey from Peking to Shanghai, February and March 1865",1864,1864,,n
MASTER_00060,1865,NS 2,"Martin, W. A. P.",travel and general descriptions,"Account of an overland journey from Peking to Shanghai, February and March 1866",1865,1865,,
MASTER_00061,1866,NS 3,"Williamson, A.",travel and general descriptions,"Notes of a Journey from Peking to Chefoo via Grand Canal , Yen -chow -foo, &c",1866,1866,,
MASTER_00062,1866,NS 3,,travel,"Account of an Overland Journey from Peking to Shanghai, made in February and March 1866",1866,1866,,
MASTER_00063,1866,NS 3,,Literature; History,An account of a translation of a Japanese Manuscript,1866,1866,,
MASTER_00064,1866,NS 3,"Keer, J. G.",architecture and education,Description of the Great Examination Hall at Canton,1866,1866,,
MASTER_00065,1866,NS 3,"Wylie, A.",astronomy,Notes on the opinions of the Chinese with regard to eclipses,1866,1866,,
MASTER_00066,1866,NS 3,"McCartee, D. B.",zoology,On some Wild Silkworms of China ,1866,1866,,
MASTER_00067,1866,NS 3,"Williams, S. W.",history,Political intercourse between China and Lewchew,1866,1866,,
MASTER_00068,1866,NS 3,"Kingsmill, T. W.",geology,Notes on some outlying coal-fields in the south-eastern provinces of China,1866,1866,,
MASTER_00069,1866,NS 3,"Hollingworth, H. G.",social customs,"A Short sketch of the Chinese game of chess, Seang - kh'e",1866,1866,,
MASTER_00070,1866,NS 3,"Butcher, C. H.",contemporary history,"Retrospect of events in the north of China, 1866",1866,1866,,
MASTER_00071,1867,NS 4,"Bickmore, A. S.","geology, travel and general descriptions","Sketch of a journey from Canton to Hankow through the Provinces of Kwangtung, Kwangsi, and Hunan, with geological notes *",1867,1867,"Canton, Guangzhou, 广州; Kwang Tung, Guangdong Province, 广东省; Kwangsi, Guangxi Province, 广西; Hunan, 湖南; Hankow, Hankou, 汉口",
MASTER_00072,1867,NS 4,"Gardener, C. T.",Christianity,Trans. Of inscription on tablet at Hangkow recording the changing the T'ien Chu Tang (Roman Catholic Church) into the T'ien Hao Tung *,1867,1867,"Hangchow, Hangzhou, 杭州; tienchu tang, tian zhu tang, 天主堂; tien hao kung, tian hou gong天后宫",
MASTER_00073,1867,NS 4,"Williamson, A.","agriculture, industry, trade and communications","Notes on the north of China, its productions and communications",1867,1867,,
MASTER_00074,1867,NS 4,"Williamson, A.","agriculture, industry, trade and geology","Notes on the productions, chiefly mineral of Shantung",1867,1867,"Shan Tung, Shandong Province, 山东省",
MASTER_00075,1867,NS 4,"Pryer, W. B.",zoology,Entomology of Shanghai,1867,1867,,
MASTER_00076,1867,NS 4,"Ellias, N.",hydrology,Notes on a portion of the old bed of the Yellow River an the water supply of the Grand Canal,1867,1867,,
MASTER_00077,1867,NS 4,"Wylie, A.",astronomy,Eclipses recorded in Chinese works,1867,1867,,
MASTER_00078,1867,NS 4,"Mayers, W. F.",chronology,Chinese chronological tables,1867,1867,,
MASTER_00079,1867,NS 4,"Forrest, R. J.","Christianity, literature and language",The Christianity of Hung Tsiu Tsuen ; a review of Taeping Books,1867,1867,,
MASTER_00080,1867,NS 4,"Simon, G. E.","agriculture, industry and trade","Carte agricole generale de l'Empire Chinois. Texte preface, legende et repertoire",1867,1867,,
MASTER_00081,1867,NS 4,"Watters, T.",mythology and zoology,Chinese notions about pigeons and doves,1867,1867,,
MASTER_00082,1867,NS 4,"Edkins, J.",geology,The Bituminous coal mines west of Peking,1867,1867,,
MASTER_00083,1867,NS 4,"Kingsmill, T. W.",contemporary history,"Retrospect of events in China and Japan, 1867",1867,1867,,
MASTER_00084,1867,NS 4,The Hankow Times,hydrology,"Flood in the Han River 1857 "" The Hankow Times """,1867,1867,,
MASTER_00085,1868,NS 5,"Simon, G. E.",economics,Note sur les petites societes d'argent en Chine,1868,1868,,
MASTER_00086,1868,NS 5,"Kingsmill, T. W.",geology,Notes on the coal fields and general geology of the neighbourhood of Nagasaki *,1868,1868,,
MASTER_00087,1868,NS 5,"Jenkins, B.",music,Notions of the ancient Chinese respecting music,1868,1868,,
MASTER_00088,1868,NS 5,"Bickmore, A. S.",geology,Some remarks on recent elevations of land in China and Japan,1868,1868,,
MASTER_00089,1868,NS 5,"Preston, C. F.",biographical history and individuals of history,"Lok Ping Chiung, late Governor General of Sze - chuen, Notices of",1868,1868,"LOK PING CHEUNG, Luo Bingzhang, 骆秉章; SZE CHUEN, Sichuan Province, 四川省",
MASTER_00090,1868,NS 5,"Medhurst, W. H.",inscriptions,"Tablet of Yü, The",1868,1868,"Yü, Yu or Da Yu, 禹或大禹",
MASTER_00091,1868,NS 5,"Simon, G. E.",geology and zoology,Note sur quelques unes des recherches que l'on pourrait faire en Chine at au Japon au point de vue de la geologie et de la paleontologie,1868,1868,,
MASTER_00092,1868,NS 5,"Wylie, A.",travel and general descriptions,"Itinerary of a jouney through the Provinces of Hoo - pih, Sze - chuen and Shen - se",1868,1868,,
MASTER_00093,1868,NS 5,"Ellias, N.",hydrology,Report of an exploration of the new course of the Yellow River,1868,1868,,
MASTER_00094,1868,NS 5,Editorial Committee,contemporary history,"Retrospect of events in China and Japan, 1868",1868,1868,,
MASTER_00095,1869-70,NS 6,"Markham, J.",travel and general descriptions,"Notes on the Shantung Province, being a journey from Chefoo to Tsiuhsien, the city of Mencius",1869,1870,,
MASTER_00096,1869-70,NS 6,"Mayers, W. F.",religion,"On Wen - ch'ang, the god of literature, his history and worship ",1869,1870,,
MASTER_00097,1869-70,NS 6,"Eitel, E. J.","Buddhism, geography and hydrology",The Fabulous source of the Hoang-ho,1869,1870,,
MASTER_00098,1869-70,NS 6,"Simon, G. E.",economics,Sur les Institutions de Crédit en Chine,1869,1870,,
MASTER_00099,1869-70,NS 6,"Mayers, W. F.",military,"On the Introduction and use of gunpower and firearms among the Chinese, with notes on some ancient engines of warfare",1869,1870,,
MASTER_00100,1869-70,NS 6,"Himly, K.",social customs,The Chinese game of chess as compared with that practised by Western nations,1869,1870,,
MASTER_00101,1869-70,NS 6,"Macgowan, D. J.",ethnology and anthropology,Notes on the Chihkiang Miautsz,1869,1870,,
MASTER_00102,1869-70,NS 6,"Moule, G. E.",education,"Notes on the provincial examination of Chekiang, 1870, with a version of one of the essays",1869,1870,,
MASTER_00103,1869-70,NS 6,"Smith, F. P.","agriculture, industry, trade and chemistry",Chinese chemical manufactures,1869,1870,,
MASTER_00104,1869-70,NS 6,"Williams, S. W.","history, travel and general descriptions",Journal of a mission to Lewchew in 1801,1869,1870,,
MASTER_00105,1869-70,NS 6,"McCartee, D. B.",inscriptions,"Trans. of the inscriptions upon a stone tablet commemorating the repairs upon the Ch'eng Hwang Miau, or Temple of the Tutelary Deity of the City",1869,1870,,
MASTER_00106,1869-70,NS 6,,contemporary history,"Retrospect of events in China and Japan, 1869, 1870",1869,1870,,
MASTER_00107,1869-70,NS 6,North China Daily News,social customs,Example of Chinese torture,1869,1870,,
MASTER_00108,1871-72,NS 7,"Mayers, W. F.",history,A Historical and statistical sketch of the island of Hainan,1871,1872,,
MASTER_00109,1871-72,NS 7,"Swinhoe, R.","ethnology, anthropology, literature and language",The Aborigines of Hainan,1871,1872,,
MASTER_00110,1871-72,NS 7,"Swinhoe, R.",travel and general descriptions,Narrative of an exploring visit to Hainan,1871,1872,,
MASTER_00111,1871-72,NS 7,"Stent, G. C.","music, literature and language",Chinese lyrics,1871,1872,,
MASTER_00112,1871-72,NS 7,"Kingsmill, T. W.",history,"The Mythical origin of the Chow or Djow Dynasty, as set forth in the ""Shoo-king"" ",1871,1872,"THE CHOW OR DJOW DYNASTY, Zhou Dynasty, 周朝; THE SHOO-KING. Shujing or Shangshu, 《书经》或作《尚书》",
MASTER_00113,1871-72,NS 7,"Moule, G. E.",miscellaneous,The Obligations of China to Europe in the matter of physical science acknowledged by eminent Chinese,1871,1872,,
MASTER_00114,1871-72,NS 7,"Watters, T.",literature and language,The Life and works of Han Yu or Han Wen-Kung,1871,1872,"HAN Yu OR HAN WeN-KUNG, Han Yu or Han Wengong, 韩愈，人称韩文公",
MASTER_00115,1871-72,NS 7,"Stent, G. C.",literature and language,Chinese legends,1871,1872,,
MASTER_00116,1871-72,NS 7,"Thompson, J.",archaeology,On the Antiquities of Cambodia,1871,1872,,
MASTER_00117,1871-72,NS 7,"David, Le P. A.","zoology, botany and geology",Quelques renseignments sur l'histoire naturelle de la Chine septentrionale et occidentale,1871,1872,,
MASTER_00118,1871-72,NS 7,"Macgowan, D. J.",literature and language,Chinese use of shad in consumption and iodine Plants in scrofula,1871,1872,,
MASTER_00119,1871-72,NS 7,"Macgowan, D. J.",medicine,"On the "" Mutton wine "" of the Mongols and analagous preparations of the Chinese",1871,1872,,
MASTER_00120,1871-72,NS 7,Editorial Committee,contemporary history,"Retrospect of events in China, etc., 1871, 1872",1871,1872,,
MASTER_00121,1871-72,NS 7,Meteorological Committee,meteorology,"Meteorological observations, April - December 1872",1871,1872,,
MASTER_00125,1873,,Shanghai Meteorological Committee,Meteorology,Weather report for 1873,1873,1873,,
MASTER_00123,1874,NS 8,"Williams, S. W.",contemporary history,Recollections of China prior to 1840,1874,1874,,
MASTER_00124,1874,NS 8,"Kingsmill, T. W.",biographical history and individuals of history,"The legend of Wen Wang, founder of the dynasty of the Chows in China",1874,1874,,
MASTER_00125,1874,NS 8,"Schmidt, C.",history,Extracts from the history of Shanghai,1874,1874,,
MASTER_00126,1874,NS 8,"Watters, T.",mythology,Chinese fox - myths,1874,1874,,
MASTER_00127,1874,NS 8,"Viguier, S. A.",contemporary history,Brief account of the French Expedition of 1866 into Indo - China,1874,1874,,
MASTER_00128,1874,NS 8,"Edkins, J.","Confucianism, travel and general descriptions","Visit to the city of Confucius, A",1874,1874,,
MASTER_00129,1874,NS 8,"Dennys, N. B.",music,Short notes on Chinese instruments of music *,1874,1874,,
MASTER_00130,1874,NS 8,"Bushell, S. W.",archaeology,"Stone drums of the Chou Dynasty, The *",1874,1874,,
MASTER_00131,1874,NS 8,Editorial Committee,contemporary history,"Retrospect of events in China, 1873",1874,1874,,
MASTER_00132,1875,NS 9,"Moule, G. E.",literature and language,"Notes on Col. Yule's edition of Marco Polo's "" Quinsay "" *",1875,1875,,
MASTER_00133,1875,NS 9,"Camajee, D. N.",religion,"Legends of the ancient Mazdayacnian prophets, and the story of Zoroaster",1875,1875,,
MASTER_00134,1875,NS 9,"Taintor, E. C.",ethnology and anthropology,The Aborigines of Northern Formosa,1875,1875,"Formosa, the old name of Taiwan, 台湾",
MASTER_00135,1875,NS 9,"Watters, T.",Buddhism,"Notes on the "" Miao - fa - lien - hua - ching "", a Buddhist sutra in Chinese",1875,1875,,
MASTER_00136,1875,NS 9,"Cordier, H.",contemporary history,Narrative of recent events in Tong - king,1875,1875,"TONG-KING, Tonkin 东京, northern part of Vietnam",
MASTER_00137,1875,NS 9,"Macgowan, D. J.",medicine,Notes on Chinese toxicology,1875,1875,,
MASTER_00138,1876,NS 10,"Palladius, A.",geography,"Elucidations of Marco Polo's travels in North China, drawn from Chinese sources",1876,1876,,
MASTER_00139,1876,NS 10,"Holcombe, C.",travel and general descriptions,Notes made on a tour through Shan - hsi and Shen - hsi,1876,1876,"Shan-HSI, Shanxi Province, 山西省; Shen-HSI, Shaanxi Province, 陕西省",
MASTER_00140,1876,NS 10,"Kingsmill, T. W.",ethnology and anthropology,Short notes on the identification of the Yue - ti and Kiang tribes of ancient Chinese history,1876,1876,"YUE-TI, Yuezhi, 月氏; KIANG, Qiang, 羌族",
MASTER_00141,1876,NS 10,"Bretschneider, E.","ethnology, anthropology, geography and history",Notices of the mediaeval geography and history of Central and Western Asia *,1876,1876,,
MASTER_00142,1876,NS 10,"Little, A. J.",contemporary history,"Retrospect of events in China, 1875",1876,1876,,
MASTER_00143,1876,NS 10,,"agriculture, industry and trade",List of the principal tea districts in China,1876,1876,,
MASTER_00144,1876,NS 10,,meteorology,"Observatoire Meteorologique et Magnetique des Peres de la Compagnie de Jesus a Zi- ka - wei, Septembre 1874 - Septembre 1875",1876,1876,,
MASTER_00145,1877,NS 11,"Kingsmill, T. W.","ethnology, anthropology, geology and zoology",The Borderlands of geology and history,1877,1877,,
MASTER_00146,1877,NS 11,"Hobson, H. E.",history,"Fort Zelandia, and the Dutch occupation of Formosa",1877,1877,,
MASTER_00147,1877,NS 11,"Mollendorf, P. G. von",zoology,"The Vertebrata of the Province of Chihli, with notes on Chinese zoological nomenclature",1877,1877,,
MASTER_00148,1877,NS 11,"Martin, W. A. P.",literature and language,On the Styles of Chinese epistolary composition,1877,1877,,
MASTER_00149,1877,NS 11,"Edkins, J.",meteorology and navigation,On Chinese names for boats and boat gear with remarks on the Chinese use of the mariner's compass,1877,1877,,
MASTER_00150,1877,NS 11,"Stent, G. C.",social customs,Chinese eunuchs,1877,1877,,
MASTER_00151,1878,NS 12,"Mayers, W. F.",social customs,On the Stone figures at Chinese tombs and the offering of living sacrifices,1878,1878,,
MASTER_00152,1878,NS 12,"Parker, E. H.",literature and language,The Comparative study of Chinese dialects,1878,1878,,
MASTER_00153,1878,NS 12,"Hosie, A.",meteorology,"Droughts in China, A. D. 620-1643",1878,1878,,
MASTER_00154,1878,NS 12,"Hosie, A.",astronomy,"Sunspots and sun - shadows observed in China, B. C. 28 - A. D. 1617",1878,1878,,
MASTER_00155,1878,NS 12,"Kingsmill, T. W.","religion, literature and language","The Ancient language and cult of the Chows ; critical and exegetical notes on the "" Shi- king """,1878,1878,,
MASTER_00156,1878,NS 12,"Fritsche, H.",meteorology,The Climate of Eastern Asia,1878,1878,,
MASTER_00157,1879,NS 13,"Fauvel, A. A.",zoology,Alligators in China *,1879,1879,,
MASTER_00158,1879,NS 13,"Schulze, F. W.",meteorology,Periodical change of terrestrial magnetism *,1879,1879,,
MASTER_00159,1879,NS 13,"Mollendorf, P. G. von",law and social customs,The Family law of the Chinese and its comparative relations with that of other nations,1879,1879,,
MASTER_00160,1879,NS 13,"Kingsmill, T. W.",biographical history and individuals of history,"The story of Shun, the Emperor",1879,1879,"Shun, 舜",
MASTER_00161,1879,NS 14,"Kingsmill, T. W.",history,The Intercourse of China with Central and Western Asia in the Second Century B.C.,1879,1879,,
MASTER_00162,1879,NS 14,"Rhein, J.",inscriptions,Rock inscriptions at the north side of Yentai Hill *,1879,1879,"YENTAI HILL, Yantai Hill, 烟台山",
MASTER_00163,1879,NS 14,"Haas, J.",coinage,Siamese coinage *,1879,1879,,
MASTER_00164,1880,NS 15,"Bretschneider, E.",botany,Early European researches into the flora of China,1880,1880,,
MASTER_00165,1880,NS 15,"Bushell, S. W.",coinage,Coins of the present dynasty of China *,1880,1880,,
MASTER_00166,1880,NS 15,"Balfour, F. H.",philosophy,"The "" Naturalistic "" philosophy of China",1880,1880,,
MASTER_00167,1881,NS 16,"Guppy, H. B.",hydrology,"Notes on the hydrology of the Yang - tse, the Yellow River, and the Pei - ho *",1881,1881,,
MASTER_00168,1881,NS 16,"Guppy, H. B.",geology,"Some notes on the geology of Takow, Formosa",1881,1881,,
MASTER_00169,1881,NS 16,,botany,"Botanicon Sinicum Part I. Notes on Chinese botany, from native and Western sources",1881,1881,,
MASTER_00170,1881,NS 16,"Dechevrens, Le P. M.",meteorology,"The Climate of Shanghai, its meteorological conditions",1881,1881,,
MASTER_00171,1882,NS 17,"Giles, H. A.",literature and language,Notes on Chinese composition,1882,1882,,
MASTER_00172,1882,NS 17,"Guppy, H. B.",geology,On the geology of the neighbourhood of Nagasaki,1882,1882,,
MASTER_00173,1882,NS 17,"Anderson, G. C.",travel and general descriptions,Notes on the south coast of Saghalien,1882,1882,"SAGHALIEN, Sakhalin, 库页岛/萨哈林岛",
MASTER_00174,1882,NS 17,"Toda, E.",coinage,Annam and its minor currency,1882,1882,,
MASTER_00175,1882,NS 17,"Hirth, F.","government, political economy and political theory",The Hoppo - book of 1753,1882,1882,,
MASTER_00176,1883,NS 18,"Edkins, J.",history,What did the ancient Chinese know of the Greeks and Romans,1883,1883,,
MASTER_00177,1883,NS 18,"Scherzer, F., trans. Gould, C.",social customs,Corea,1883,1883,,
MASTER_00178,1883,NS 18,"Kleinwachter, G.",geology,Researches into the geology of Formosa *,1883,1883,,
MASTER_00179,1883,NS 18,"Imbault - Huart, C.",travel and general descriptions,Fragmens d'un voyage dans l'interieur de la Chine,1883,1883,,
MASTER_00180,1883,NS 18,"Morrison, G. J.",travel and general descriptions,"Some notes of a trip to Corea, in July and August, 1883",1883,1883,,
MASTER_00181,1883,NS 18,"Guppy, H. B.",geology,Notes on some dikes at the mouth of the Nankow pass *,1883,1883,,
MASTER_00182,1883,NS 18,"Guppy, H. B.","agriculture, industry, and trade",Samshu - brewing in North China,1883,1883,,
MASTER_00183,1883,NS 18,"Little, A. J.",travel and general descriptions,Notes on Szechuen and the Yangtse valley,1883,1883,"SZECHUEN, Sichuan, 四川省; YANGTSE, Yangtzi River, 长江",
MASTER_00184,1884,NS 19 Part 1,"Gardener, C. T.","zoology, botany, and geology","Animal, fossil, mineral and vegetable products of the consular district of Ichang",1884,1884,,
MASTER_00185,1884,NS 19 Part 1,"Parker, E. H.",travel and general descriptions,"Journey in Chekiang, A",1884,1884,,
MASTER_00186,1884,NS 19 Part 1,"Parker, E. H.",travel and general descriptions,"Journey in Fukien, A *",1884,1884,,
MASTER_00187,1884,NS 19 Part 1,"Parker, E. H.",travel and general descriptions,"Journey from Foochow to Wenchow, through Central Fukien, A",1884,1884,"FOOCHOW, Fuzhou, 福州市; W?NCHOW, Wenzhou, 温州市; FUKIEN. Fujian Province, 福建省",
MASTER_00188,1884,NS 19 Part 1,"Moule, G. E.",Buddhism,"Buddist sheet - tract, containing an apologue of human life, A *",1884,1884,,
MASTER_00189,1884,NS 19 Part 1,"Hosie, A.",communications,Trade routes to Western China,1884,1884,,
MASTER_00190,1884,NS 19 Part 2,"Imbault - Huart, C.",literature and language,"Poete Chinois du XVIIIe siecle, Yuan Tseu - ts ' ai, sa vie et ses oeuvres, Un",1884,1884,,
MASTER_00191,1884,NS 19 Part 2,"Kingsmill, T. W.","ethnology, anthropology and geography","Serica of Ptolemy and its inhabitants, The",1884,1884,,
MASTER_00192,1885,NS 20,,literature and language,Chinese theatricals and theatrical plots,1885,1885,,
MASTER_00193,1885,NS 20,"H., F.",literature and language,"Derivation of the German word "" huhnerauger """,1885,1885,,
MASTER_00194,1885,NS 20,"Giles, H. A.",literature and language,"The Hung Lou Mêng, commonly called “ The Dream of the Red Chamber """,1885,1885,"THE HUNG LOU M?NG, Hong Lou Meng, Dream of the Red Chamber, 红楼梦",
MASTER_00195,1885,NS 20,,social customs,The Prevalence of infanticide in China,1885,1885,,
MASTER_00196,1885,NS 20,"Playfair, G. M. H.",geography,The Mystery of Ta - ts ' in ,1885,1885,,
MASTER_00197,1885,NS 20,"T., C. B.",literature and language,"How snow inspired verse, and a rash order made the flowers bloom ("" Ching - hua- yuan, Chapter IV)",1885,1885,,
MASTER_00198,1885,NS 20,,social customs,What is filial piety ?,1885,1885,,
MASTER_00199,1885,NS 20,"Nocentini, L.",literature and language,Sinology in Italy,1885,1885,,
MASTER_00200,1885,NS 20,"Hirth, F.","agriculture, industry, and trade",Western appliances in the Chinese printing industry,1885,1885,,
MASTER_00201,1885,NS 20,,Literature; History,Chinese Theatricals and Theatrical Plots,1885,1885,,
MASTER_00202,1885,NS 20,"Phillips, G.","geography, navigation and travel",The Seaports of India and Ceylon,1885,1885,,
MASTER_00203,1885,NS 20,"Gabelentz, G. von der",literature and language,Some additions to my Chinese grammar,1885,1885,,
MASTER_00204,1886,NS 21,,literature and language,"The Advisability, or the reverse, of endeavoring to convey Western knowledge to the Chinese through the medium of their own language",1886,1886,,
MASTER_00205,1886,NS 21,"Macgowan, D. J.",literature and language,Histrionic notes,1886,1886,,
MASTER_00206,1886,NS 21,"Phillips, G.","geography, navigation and travel","Seaports of India and Ceylon, as described by Chinese voyagers of the 15th Century, together with an account of Chinese navigation, The ; Part II *",1886,1886,,
MASTER_00207,1886,NS 21,"Macintyre, J.",religion,Roadside religion in Manchuria,1886,1886,,
MASTER_00208,1886,NS 21,"Playfair, G. M. H.",chronology,Alphabetical list of the dynastic and reign - titles of Chinese Emperors,1886,1886,,
MASTER_00209,1886,NS 21,"Allen, H. J.",geography,Where was Ta - ts ' in ?,1886,1886,,
MASTER_00210,1886,NS 21,"Hirth, F.",geography,"Reply to Mr. H. J. Allen's paper "" Where was Ta - ts ' in ? """,1886,1886,,
MASTER_00211,1886,NS 21,"Macgowan, D. J.",economics,Chinese guilds or chambers of commerce and trades unions,1886,1886,,
MASTER_00212,1886,NS 21,"Allen, H. J.",Confucianism,Is Confucius a myth ?,1886,1886,,
MASTER_00213,1886,NS 21,"Edkins, J.",literature and language,"Philological importance of geographical terms in the "" Shi - ki """,1886,1886,,
MASTER_00214,1886,NS 21,"Allen, H. J.",geography,Ta - ts ' in and dependent states,1886,1886,,
MASTER_00215,1886,NS 21,"Hirth, F.",geography,"Reply to Mr. H. J. Allen's paper "" Ta - ts ' in and dependent states "" *",1886,1886,,
MASTER_00216,1886,NS 21,"Hirth, F.",literature and language,"Chinese equivalents of the letter "" R "" in foreign names",1886,1886,,
MASTER_00217,1886,NS 21,"Giles, H. A.",literature and language,The Family names,1886,1886,,
MASTER_00218,1886,NS 21,"Parker, E. H.",history,"Manchu relations with Tibet, or Si - tsang",1886,1886,,
MASTER_00219,1886,NS 21,"Legge, J.",literature and language,"Defense of the trans. of a passage in the "" Tsochwan",1886,1886,,
MASTER_00220,1886,NS 21,,mythology,Folk - lore Society,1886,1886,,
MASTER_00221,1886,NS 21,"H., F.",literature and language,Pen - ts ' ao - meng - ch'uan,1886,1886,,
MASTER_00222,1886,NS 21,"Carles, W. R.",travel and general descriptions,Corea,1886,1886,,
MASTER_00223,1887,NS 22,"Parker, E. H.",military,"The Military organization of China prior to 1842, as described by Wei Yuan",1887,1887,,
MASTER_00224,1887,NS 22,"Becher, H. M.",geology,Notes on the mineral resources of Eastern Shantung,1887,1887,"SHANTUNG, Shandong Province, 山东省",
MASTER_00225,1887,NS 22,,law,Chinese partnerships ; liability of the individual members,1887,1887,,
MASTER_00226,1887,NS 22,"Hirth, F.","government, political economy and political theory",Notes on the early history of the salt monopoly in China,1887,1887,,
MASTER_00227,1887,NS 22,"Parker, E. H.","government, political economy and political theory",The Salt revenue of China,1887,1887,,
MASTER_00228,1887,NS 22,"Zwehtkoff, P., Trans. Carles, W. R.","agriculture, industry, and trade",Remarks on the production of salt in China,1887,1887,,
MASTER_00229,1887,NS 22,"Nocentini, L.",chronology,"Names of the sovereigns of the old Corean states, etc.",1887,1887,,
MASTER_00230,1887,NS 22,"Hirth, F.","agriculture, industry, trade and porcelain",Ancient porcelain : a study in Chinese mediaeval industry and trade,1887,1887,,
MASTER_00231,1887,NS 22,"Hirth, F.","education, literature and language",The Chinese Oriental College,1887,1887,,
MASTER_00232,1887,NS 22,"Parker, E. H.",literature and language,Extracts from the Chinese works regarding the writing of the Ju - chih and Kitan Tartars *,1887,1887,,
MASTER_00233,1887,NS 22,"Henry, A.",botany,Chinese names of plants,1887,1887,,
MASTER_00234,1888,NS 23,"Carles, W. R.",history,A Corean monument to Manchu clemency,1888,1888,,
MASTER_00235,1888,NS 23,"Moule, G. E.",Taoism,A guide to True Vacuity,1888,1888,,
MASTER_00236,1888,NS 23,"Phillips, G.",history,"Changchow, the capital of Funkien in Mongol times",1888,1888,,
MASTER_00237,1888,NS 23,"Hobson, H. E.","Buddhism, Architecture",The Porcelain Pagoda of Nanking,1888,1888,,
MASTER_00238,1888,NS 23,"Jamieson, G.","agriculture, industry, trade and law",Tenure of land in China and the condition of the rural population,1888,1888,,
MASTER_00239,1888,NS 23,Moore,hydrology,The Bore of the Tsien - tang Kiang (Hang - chau Bay),1888,1888,,
MASTER_00240,1888,NS 23,"Volpicelli, Z. H.",social customs,Chinese chess *,1888,1888,,
MASTER_00241,1889-90,NS 24,"Mollendorf, P. G. von",literature and language,Essay on Manchu literature,1889,1890,,
MASTER_00242,1889-90,NS 24,"Morse, H. B.",coinage and social customs,Currency and measures in China,1889,1890,,
MASTER_00243,1889-90,NS 24,"Faber, E.","history, literature, language, astronomy and religion",Prehistoric China,1889,1890,,
MASTER_00244,1889-90,NS 24,"Edkins, J.",architecture,Chinese architecture,1889,1890,,
MASTER_00245,1889-90,NS 24,"Parker, E. H.",Christianity,Notes on the Nestorians in China,1889,1890,,
MASTER_00246,1889-90,NS 24,"Fries, S. R. von",architecture,"The "" Tent theory "" of Chinese architecture",1889,1890,,
MASTER_00247,1889-90,NS 24,"Hallifax, T. E.",zoology,Note on the comparative longevity of males and females in Japan,1889,1890,,
MASTER_00248,1890-91,NS 25,,botany,"Botanicon Sinicum : Notes on Chinese botany, from native and Western sources, Corrigenda and addenda to Part I",1890,1891,,
MASTER_00249,1890-91,NS 25,,botany,"Botanicon Sinicum Part II. Notes on Chinese botany, from native and Western sources",1890,1891,,
MASTER_00250,1890-91,NS 25,"Faber, E.",botany,"General remarks on "" Botanicon Sinicum "" ",1890,1891,,
MASTER_00251,1891-92,NS 26,"Fraser, E. H.",ethnology and anthropology,The Fish - skin Tartars,1891,1892,,
MASTER_00252,1891-92,NS 26,"Kingsmill, T. W.",astronomy,A Comparative table of the ancient lunar asterisms,1891,1892,,
MASTER_00253,1891-92,NS 26,"Volpicelli, Z. H.",social customs,Wei - ch ' i *,1891,1892,,
MASTER_00254,1891-92,NS 26,"Groot, J. J. M. de",Buddhism,Militant spirit of the Buddhist clergy in China,1891,1892,,
MASTER_00255,1892-93,NS 27,"Rosthorn, A. von","government, political economy and political theory","Salt administration of Ssuch'uan, The",1892,1893,"SSUCH'UAN. Sichuan, 四川省",
MASTER_00256,1892-93,NS 27,"Rosthorn, A. von",communications,River stages and branch routes from Ssuch ' uan to Yunnan and Kuichou,1892,1893,,
MASTER_00257,1892-93,NS 27,"Volpicelli, Z. H.",history,Early Portuguese commerce and settlements in China *,1892,1893,,
MASTER_00258,1892-93,NS 27,"Gardener, C. T.",coinage,"Coinage of Corea, The *",1892,1893,,
MASTER_00259,1892-93,NS 27,"Mollendorf, P. G. von",law and social customs,"Family law of the Chinese, The",1892,1893,,
MASTER_00260,1893-94,NS 28,"Kingsmill, T. W.",communications,Inland communications in China *,1893,1894,,
MASTER_00261,1893-94,NS 28,"Scott, J.","history, literature and language",Stray notes on Corean history and literature,1893,1894,,
MASTER_00262,1893-94,NS 28,"Clarke, G. W.",literature and language,"Yu - li or Precious Records, The *",1893,1894,,
MASTER_00263,1894-95,NS 29,"Bretschneider, E.","botany, literature and language",Botanicon Sinicum Part III. Botanical investigations into the materia medica of the ancient Chinese,1894,1895,,
MASTER_00264,1894-95,NS 29,"Bretschneider, E.",geography,"Chinese geographical names mentioned in the "" Pen Ts ' ao Kang Mu """,1894,1895,,
MASTER_00265,1894-95,NS 29,"Imbault - Huart, C.",travel and general descriptions,"Voyage de l'Ambassade Hollandaise de 1656 a travers la Province de Canton, Le",1894,1895,,
MASTER_00266,1894-95,NS 29,"Parker, E. H.","government, political economy and political theory","Financial capacity of China, The",1894,1895,,
MASTER_00267,1894-95,NS 29,"Parker, E. H.","government, political economy and political theory",Chinese revenue,1894,1895,,
MASTER_00268,1894-95,NS 29,"Bushell, S. W.","coinage, history, literature and language","Hsi Hsia Dynasty of Tangut, their money and peculiar script, The *",1894,1895,,
MASTER_00269,1894-95,NS 29,"Fraser, M. F. A.",literature and language,"Manchu ukase, A",1894,1895,,
MASTER_00270,1895-1896,NS 30,"Imbault - Huart, C.",Political science; Travel; History,LE VOYAGE DE L'AMBASSADE HOLLANDAISE DE 1656 A TRAVERS LA PROVINCE DE CANTON.,1895,1896,,
MASTER_00271,1895-1896,NS 30,"Parker, E. H.",Economics; History; Government,THE FINANCIAL CAPACITY OF CHINA.,1895,1896,,
MASTER_00272,1895-1896,NS 30,"Parker, E. H.",Economics; History; Government,CHINESE REVENUE.,1895,1896,,
MASTER_00273,1895-1896,NS 30,"Bushell, S. W.",History; Language and languages; Numismatics,"THE HSI HSIA DYNASTY OF TANGUT, THEIR MONEY AND PECULIAR SCRIPT.",1895,1896,,
MASTER_00274,1895-1896,NS 30,"Fraser, M. F. A.",History; Language and languages,A MANCHU UKASE.,1895,1896,,
MASTER_00275,1896-97,NS 31,"Parker, E. H.",ethnology and anthropology,Inscriptions de l'Orkho,1896,1897,,
MASTER_00276,1896-97,NS 31,"Kingsmill, T. W.",ethnology and anthropology,"Huns of Europe, The (Notes on E. H. Parker's paper "" Inscriptions de l'Orkhon "")",1896,1897,,
MASTER_00277,1896-97,NS 31,"Forke, A.",philosophy,Wang - chung and Plato on death and immortality,1896,1897,,
MASTER_00278,1896-97,NS 31,"Kingsmill, T. W.","ethnology, anthropology, literature and language","Chinese system of family relationship and its Aryan affinities, The",1896,1897,,
MASTER_00279,1896-97,NS 31,"Taylor, F. E.",coinage and economics,Scarcity of copper cash and the rise in prices,1896,1897,,
MASTER_00280,1896-97,NS 31,"Mollendorf, P. G. von",literature and language,"Limitations of comparative philology, On the",1896,1897,,
MASTER_00281,1896-97,NS 31,"Carles, W. R.",communications and hydrology,"Grand Canal of China, The",1896,1897,,
MASTER_00282,1898-1899,NS 32,"Kingsmill, T. W.",social customs,"THE CHINESE CALENDAR: ITS ORIGIN, HISTORY AND CONNECTIONS.",1898,1899,,
MASTER_00283,1898-1899,NS 32,BYRON BRENAN,"government, political economy and political theory",THE OFFICE OF DISTRICT MAGISTRATE IN CHINA.,1898,1899,,
MASTER_00284,1898-1899,NS 32,NATALIS RONDOT,arts and archaeology,ON THE CHINESE COINS AND SMALL PORCELAIN BOTTLES FOUND IN EGYPT.,1898,1899,,
MASTER_00285,1898-1899,NS 32,E. BRASS,"agriculture, industry, and trade",SEALING AND WHALING IN THE NORTHERN PACIFIC.,1898,1899,,
MASTER_00286,1900-1901,NS 33,"Bourne, F. S. A.","government, political economy and political theory",Possible and impossible reforms,1900,1901,,
MASTER_00287,1900-1901,NS 33,"Williams, E. T.",religion,Some popular religious literature of the Chinese,1900,1901,,
MASTER_00288,1900-1901,NS 33,"Bushell, S. W.",coinage,Additional coins of the present dynasty *,1900,1901,,
MASTER_00289,1900-1901,NS 33,"Edkins, J.",philosophy,"Siun King, the philosopher, and his relations with contemporary schools of thought",1900,1901,,
MASTER_00290,1900-1901,NS 33,"Betts, G. E.",ethnology and anthropology,Social life of the Miao Tsi,1900,1901,"MIAO TSI., Miao zi/Miao zu, 苗子/苗族",
MASTER_00291,1900-1901,NS 33,"Vale, J.","agriculture, industry, trade and hydrology",Irrigation of the Ch'eng tu Plain,1900,1901,"CH'ENG TU PLAIN, Chengdu Plain, 成都平原",
MASTER_00292,1900-1901,NS 33,"Moule, G. E.",Confucianism and music,"Notes on the Ting - chi, or half - yearly sacrifice to Confucius *",1900,1901,,
MASTER_00293,1900-1901,NS 33,"Mencarini, J.",economics,"Philippine Chinese labour question, The",1900,1901,,
MASTER_00294,1900-1901,NS 33,"Macklin, W. E.","philosophy, religion, government and political theory",Mencius and some other reformers of China,1900,1901,,
MASTER_00295,1900-1901,NS 33,"Walshe, W. G.",history,"Ancient city of Shaohing, The",1900,1901,"SHAOHING, Shaoxing, 绍兴; Cheh-kiang, Zhejiang Province, 浙江省",
MASTER_00296,1901-1902,NS 34,"Forke, A.",philosophy,"Chinese sophists, The",1901,1902,,
MASTER_00297,1901-1902,NS 34,"Box, E.",mythology,Shanghai folk - lore,1901,1902,,
MASTER_00298,1901-1902,NS 34,"Kingsmill, T. W.",ethnology and anthropology,"Hirth, Dr. F., and the Hiung Nu",1901,1902,,
MASTER_00299,1903-1904,NS 35,"Edkins, J.",biographical history and individuals of history,"Kwo Tsi, an eminent military commander of the Tang Dynasty",1903,1904,"KWO TSI YI, Guo Ziyi, 郭子仪",
MASTER_00300,1903-1904,NS 35,"Chalfant, F. H.",social customs,Standard weights and measures of the Ch ' in Dynasty *,1903,1904,,
MASTER_00301,1903-1904,NS 35,"Walshe, W. G.",social customs,Some Chinese funeral customs,1903,1904,,
MASTER_00302,1903-1904,NS 35,"Ferguson, J. C.",biographical history and individuals of history,Wang An - shih,1903,1904,,
MASTER_00303,1903-1904,NS 35,"Kingsmill, T. W.","ethnology, anthropology and geography","Mantses and the Golden Chersonese, The",1903,1904,,
MASTER_00304,1905,NS 36,"Carey, F. W.",travel and general descriptions,Notes of an overland journey from Szemao to Rangoon *,1905,1905,"Szemao, Simao, currently Pu'er, 思茅，今普洱; Rangoon. Yangon, 仰光",
MASTER_00305,1905,NS 36,"Vale, J.","agriculture, industry, trade and hydrology",Irrigation of the Ch'eng tu Plain and beyond *,1905,1905,"Chen-tu, Chengdu, 成都",
MASTER_00306,1905,NS 36,"Watson, W. C. H.","travel, agriculture, industry and trade",Journey to Sungp ' an *,1905,1905,"Sungp'an, Songpan, 松潘",
MASTER_00307,1905,NS 36,"Leavenworth, C. S.",history,"History of the Loochoo Islands, The",1905,1905,,
MASTER_00308,1905,NS 36,"Mencarini, J.",travel and general descriptions,Java,1905,1905,,
MASTER_00309,1905,NS 36,"Box, E.",mythology,Shanghai folk - lore,1905,1905,,
MASTER_00310,1906,NS 37,"Martin, W. A. P.",Judaism,"Jewish monument at Kaifungfu, The",1906,1906,"Kaifungfu. Kaifengfu, 开封府",
MASTER_00311,1906,NS 37,"Kingsmill, T. W.","ethnology, anthropology and geography",Ancient Tibet and its frontagers,1906,1906,,
MASTER_00312,1906,NS 37,"Ferguson, J. C.",coinage and economics,Notes on Chinese banking system in Shanghai,1906,1906,,
MASTER_00313,1906,NS 37,"Alabaster, E.",law,Notes on Chinese law and practice preceding revision,1906,1906,,
MASTER_00314,1906,NS 37,"Headland, I. T.",social customs,Chinese children's games,1906,1906,,
MASTER_00315,1907,NS 38,"Morse, H. B.",coinage,Currency in China *,1907,1907,,
MASTER_00316,1907,NS 38,"Williams, E. T.",law and social customs,Witchcraft in the Chinese penal code,1907,1907,,
MASTER_00317,1907,NS 38,"Faber, E.",botany,Contribution to the nomenclature of Chinese plants,1907,1907,,
MASTER_00318,1907,NS 38,"Kingsmill, T. W.",astronomy,"Two zodiacs (solar and lunar), their origin and connections, The",1907,1907,,
MASTER_00319,1908,NS 39,"Moule, A. C.",music,"List of the musical and other sound - producing instruments of the Chinese, A *",1908,1908,,
MASTER_00320,1909,NS 40,"Alexeieff, V.",archaeology,Archaeological survey of the environs of China's ancient capitals,1909,1909,,
MASTER_00321,1909,NS 40,"Parker, E. H.",law,"The Principles of Chinese law and equity, ",1909,1909,,
MASTER_00322,1909,NS 40,"Arnold, J. H.",travel and general descriptions,"The Ascent of Mt. Morrison (Niitaka Yama),",1909,1909,,
MASTER_00323,1909,NS 40,"Touche, J. D. D. La",zoology,"Collection of birds in the Shanghai Museum, The",1909,1909,,
MASTER_00324,1910,NS 41,"Hall, J. C.",Confucianism,"Confucian reformers in Japan in the 18th Century, The (Trans. of Dazai's "" Exposition of Doctrine "")",1910,1910,,
MASTER_00325,1910,NS 41,"Kingsmill, T. W.",music,"Music of China, The *",1910,1910,,
MASTER_00326,1910,NS 41,"Moule, A. C.",Christianity,Notices of the Nestorian missions from Chinese sources other than the Christian monument *,1910,1910,,
MASTER_00327,1910,NS 41,"Torrance, T.",social customs,Burial customs in Sz - chuan *,1910,1910,,
MASTER_00328,1910,NS 41,"Moule, A. C.",arts and archaeology; Christianity,"Christian monument at Hsi - an - fu, The",1910,1910,,
MASTER_00329,1911,NS 42,"Williams, F. W. (ed.)",contemporary history,The journal of the S. Wells Williams (April 1858 - January 1860),1911,1911,,
MASTER_00330,1912,NS 43,"Moule, A. C.","religion, travel, arts and archaeology",T'ai Shan *,1912,1912,"TAI SHAN, 泰山",
MASTER_00331,1912,NS 43,"Reymond, C. du Bois",social customs,Notes on Chinese archery,1912,1912,,
MASTER_00332,1912,NS 43,"Warren, G. G.","arts, archaeology and history",Three sites in Hunan connected with the classical legendary history of China *,1912,1912,,
MASTER_00333,1912,NS 43,"Stanley, A.",minor arts,Chinese art metal work *,1912,1912,,
MASTER_00334,1912,NS 43,"Hodous, L.",social customs,"Great Summer Festival of China as observed in Foochow, The",1912,1912,,
MASTER_00335,1912,NS 43,"McCormick, F.",arts and archaeology,China's monuments,1912,1912,,
MASTER_00336,1913,NS 44,"Stanley, A.",minor arts,Chinese embroidery and other textile work *,1913,1913,,
MASTER_00337,1913,NS 44,,arts and archaeology,Corrections and notes,1913,1913,,
MASTER_00338,1913,NS 44,,Christianity,Corrections and notes,1913,1913,,
MASTER_00339,1913,NS 44,Timothy Richard.Litt.D.,literature and language,Introduction to a great Chinese epic or religious allegory by Ch'iu Ch'ang Ch ' un,1913,1913,,
MASTER_00340,1913,NS 44,Timothy Richard.Litt.D.,Literature; History,One of the World's Literary Masterpieces,1913,1913,,
MASTER_00341,1913,NS 44,"Williams, E. T.",Confucianism,"State religion of china during the Manchu Dynasty, The *",1913,1913,,
MASTER_00342,1913,NS 44,"Henke, F. G.",philosophy,The philosophy of Wang Yang Ming,1913,1913,,
MASTER_00343,1913,NS 44,"Stanley, A.",Decorative arts; History,Chinese Embroidery and Other Art Textile Work,1913,1913,,
MASTER_00344,1913,NS 44,"Parker, E. H.",history,Mongolia after the Genghizides and before the Manchus,1913,1913,,
MASTER_00345,1913,NS 44,"Shields, E. T.",travel and general descriptions,Omei San : the sacred mountain of West China,1913,1913,,
MASTER_00346,1913,NS 44,"N. G. Moffett, L. I. and Gee,",zoology,Check list of birds of the Lower Yangtze valley from Hankow to the sea,1913,1913,,
MASTER_00347,1913,NS 44,"Richmond, C. W.",zoology,Appendix,1913,1913,,
MASTER_00348,1914,NS 45,"Wilhelm, R.",Taoism,On the Sources of Chinese Taoism,1914,1914,,
MASTER_00349,1914,NS 45,"Ferguson, J. C.",painting,""" Ink Remains "", by An I - chou",1914,1914,,
MASTER_00350,1914,NS 45,"Stanley, A.",zoology,"Collection of Chinese reptiles in the Shanghai Museum, The",1914,1914,,
MASTER_00351,1914,NS 45,"Edgar, J. H.",geology and travel,from Batang to Menkong * Through the land of deep corrosions,1914,1914,"BATANG, 巴塘; MENKONG, Mangkang, 芒康",
MASTER_00352,1914,NS 45,"Edgar, J. H.",hydrology and travel,The Great wall,1914,1914,"HUANGHO, Yellow River, 黄河",
MASTER_00353,1914,NS 45,"Edgar, J. H.",meteorology,Notes on temperatures in high altitudes on the Tibetan border,1914,1914,,
MASTER_00354,1914,NS 45,"Couling, S.",archaeology,"Oracle - bones from Honan, The *",1914,1914,"HONAN, Henan Province, 河南省",
MASTER_00355,1914,NS 45,"Stanley, A.",minor arts,Chinese wood carving *,1914,1914,,
MASTER_00356,1914,NS 45,"Reymond, C. du Bois",arts and archaeology,"Chinese sun - dial, A *",1914,1914,,
MASTER_00357,1914,NS 45,""" Ardsheal "" Sections i - xix *",literature and language,Reminiscenes of a Chinese Viceroy's secretary,1914,1914,,
MASTER_00358,1914,NS 45,"Lobingier, C. S.",law,"Bibliographical introduction to the study of Chinese law, A",1914,1914,,
MASTER_00359,1914,NS 45,"Moule, A. C.",chronology,"Table of the Emperors of the Yuan Dynasty, A",1914,1914,,
MASTER_00360,1915,NS 46,"Stanley, A.","arts, archaeology, Buddhism and music",Putoshan *,1915,1915,,
MASTER_00361,1915,NS 46,"Moule, A. C.",Christianity,Notices of Christianity in China. Extracted from Marco Polo *,1915,1915,,
MASTER_00362,1915,NS 46,"Bradley, C. B.",literature and language,"Tone - accents of two Chinese dialects, The *",1915,1915,,
MASTER_00363,1915,NS 46,"Couling, S.",architecture,Chinese pagodas,1915,1915,,
MASTER_00364,1915,NS 46,"Hodous, L.",social customs,"Ch'ing Ming Festival, The",1915,1915,,
MASTER_00365,1915,NS 46,"Translated by "" Ardsheal "" Sections",literature and language,Reminiscenes of a Chinese Viceroy's secretary,1915,1915,,
MASTER_00366,1915,NS 46,"Warren, G. G.",inscriptions,The Wu Pan tablet,1915,1915,,
MASTER_00367,1915,NS 46,"Tyler, W. F.",astronomy,"On a large meteorite February 13, 1915 *",1915,1915,,
MASTER_00368,1916,NS 47,"Ferguson, J. C.",bronze,Early Chinese bronzes *,1916,1916,,
MASTER_00369,1916,NS 47,"Warren, G. G.",literature and language,M.Chavannes ' editions of Ssu - ma Chien,1916,1916,,
MASTER_00370,1916,NS 47,"Ward, F. K.",botany,Notes on the flora of the W. Ssuch ' uan Mountains,1916,1916,,
MASTER_00371,1916,NS 47,"Annandale, N.",zoology,"Freshwater sponges from the T'ai Hu (Great Lake) of the Kiangsu Province, China",1916,1916,,
MASTER_00372,1916,NS 47,"Sowerby, A. de C.",zoology,Recent research upon the mammalia of North China,1916,1916,,
MASTER_00373,1916,NS 47,"Stanley, A.",zoology,Two new species of Chinese snakes *,1916,1916,,
MASTER_00374,1916,NS 47,"Parker, A. P.",history and mythology,Some notes on the history and folk lore of old Shanghai,1916,1916,,
MASTER_00375,1916,NS 47,"Latourette, K. S.",history,Survey of the work by Western students of Chinese history,1916,1916,,
MASTER_00376,1917,NS 48,"Inglis, J. W.",Buddhism,"Vows of Amida, The",1917,1917,,
MASTER_00377,1917,NS 48,"Inglis, J. W.",Buddhism,"Nestorian share in Buddhist translation, The",1917,1917,,
MASTER_00378,1917,NS 48,"Chatley, H.",religion,Magical practice in China,1917,1917,,
MASTER_00379,1917,NS 48,"Hodous, L.",mythology,"Dragon, The",1917,1917,,
MASTER_00380,1917,NS 48,"Edgar, J. H.",ethnology and anthropology,"Country and some customs of the Szechwan Mantze, The",1917,1917,,
MASTER_00381,1917,NS 48,"Ayscough, F. W.",religion,Shrines of History. Peak of the East T'ai Shan *,1917,1917,,
MASTER_00382,1917,NS 48,"Laver, H. E.",zoology,Land birds and others met with at sea off the coast of China in 1915,1917,1917,,
MASTER_00383,1917,NS 48,"Stanley, A.",arts and archaeology,"Method of making ink rubbings, The *",1917,1917,,
MASTER_00384,1917,NS 48,"Edgar, J. H.",archaeology,Stone implements on the Upper Yangtze and Min Rivers *,1917,1917,,
MASTER_00385,1917,NS 48,"Couling, S.",literature and language,"Morrison Library, The G. E.",1917,1917,,
MASTER_00386,1917,NS 48,"Lanning, G.",literature and language,"Kinship of the English and Chinese languages, The",1917,1917,,
MASTER_00387,1917,NS 48,,Buddhism,Introduction to the Buddhist library of Huen chwang by the Emperor Tai Tsung,1917,1917,,
MASTER_00388,1917,NS 48,"Ros, G.",coinage,Coins of the Republic of China *,1917,1917,,
MASTER_00389,1917,NS 48,"Segalen, V.",sculpture,Recent discoveries in ancient Chinese sculpture *,1917,1917,,
MASTER_00390,1917,NS 48,"Ferguson, J. C.",bronze,Four examples of Chinese bronze statuary *,1917,1917,,
MASTER_00391,1917,NS 48,"Wright, H. K.",religion,"Religious element in the Tso Chuan, The",1917,1917,,
MASTER_00392,1917,NS 48,"Ferguson, J. C.",painting,""" Ink Remains "" by An I - chou, See also N. Q.",1917,1917,,
MASTER_00393,1918,NS 49,"Chatley, H.",hydrology,River problems in China *,1918,1918,,
MASTER_00394,1918,NS 49,"Laver, H. E.",zoology,"Some notes on land - birds, including also general remarks on the birds observed at sea on the coast of China in 1916",1918,1918,,
MASTER_00395,1918,NS 49,"Zwemer, S. M.",Mohammedanism,Animistic elements in Moslem prayer,1918,1918,,
MASTER_00396,1918,NS 49,"Ling, P. C.",Taoism,"Eight Immortals of the Taoist religion, The",1918,1918,,
MASTER_00397,1918,NS 49,"Hodous, L.",social customs,"Kite Festival in Foochow, China, The",1918,1918,"FOOCHOW, Fuzhou, 福州市",
MASTER_00398,1918,NS 49,"Harding, H. L.",social customs,On a method of divination practised at Foochow,1918,1918,,
MASTER_00399,1918,NS 49,"Ottewill, H. A.",social customs,"Note on the Tu Ti'en Hui held at Chinkiang on the 31st May, 1917",1918,1918,"CHINKIANG, Zhenjiang, 镇江市",
MASTER_00400,1918,NS 49,Hutson J.,religion,"Domestic altar, The",1918,1918,,
MASTER_00401,1918,NS 49,"Ferguson, J. C.",painting,Ku K'ai - chih's scroll in the British Museum *,1918,1918,"KU K'AI-CHIH, Gu Kaizhi, 顾恺之",
MASTER_00402,1918,NS 49,"Bruce, J. P.",philosophy,"Theistic import of the Sung philosophy, The",1918,1918,,
MASTER_00403,1918,NS 49,"Morgan, E.",religion,"Case of ritualism, A",1918,1918,,
MASTER_00404,1918,NS 49,"Kliene, C.",miscellaneous,Chinese puzzledom,1918,1918,,
MASTER_00405,1919,NS 50,"Edmunds, C. K.",travel and general descriptions,Thirty thousand miles in China *,1919,1919,,
MASTER_00406,1919,NS 50,"Williams, C. A. S.",literature and language,Chinese metaphorical zoology,1919,1919,,
MASTER_00407,1919,NS 50,"Lobingier, C. S.",ethnology and anthropology,"Early Malays and their neighbours, The",1919,1919,,
MASTER_00408,1919,NS 50,"Skvortzow, B. W.","agriculture, botany and zoology","Notes on the agriculture, botany and the zoology of China, Sections i - xxxii *",1919,1919,,
MASTER_00409,1919,NS 50,"Kliene, C.",literature and language,"Land of Peach Bloom, The",1919,1919,,
MASTER_00410,1919,NS 50,"Ferguson, J. C.",literature and language,Recent books by a Chinese scholar,1919,1919,,
MASTER_00411,1919,NS 50,Yan Taz Chiu,"agriculture, industry, trade and chemistry",Chemical industry in Kwangtung Province,1919,1919,"KWANG-TUNG PROVINCE. Guangdong Province, 广东省",
MASTER_00412,1919,NS 50,"Kellogg, C. R.",zoology,"List of the birds in the Museum of the Anglo - Chinese College of Foochow, China",1919,1919,,
MASTER_00413,1919,NS 50,,travel and general descriptions,Formosa,1919,1919,,
MASTER_00414,1919,NS 50,"Moore, A.",zoology,"Attractions of entomology, The",1919,1919,,
MASTER_00415,1919,NS 50,"Gee, N. G.",botany and zoology,"Beginning of the study of the flora and fauna of Soochow and vicinity, A",1919,1919,,
MASTER_00416,1919,NS 50,"King, G. E.",travel and general descriptions,Notes on Kansu,1919,1919,"KANSU, Gansu Province, 甘肃省",
MASTER_00417,1919,NS 50,"Howell, E. B.",arts and archaeology,"Exhibition of pictures by a Russian artist, An *",1919,1919,,
MASTER_00418,1920,NS 51,"Dodd, W. C.","ethnology, anthropology and history","Relation of Chinese and Siamese, The *",1920,1920,,
MASTER_00419,1920,NS 51,"Stanley, A.",arts and archaeology,Greek and Chinese art ideals,1920,1920,,
MASTER_00420,1920,NS 51,"Morgan, E.",philosophy,"Destiny, fate",1920,1920,,
MASTER_00421,1920,NS 51,"Chatley, H.",geology,China's petrified sun - rays,1920,1920,,
MASTER_00422,1920,NS 51,Hutson J.,arts and archaeology,Chinese ideas of antiques,1920,1920,,
MASTER_00423,1920,NS 51,"Lanning, G.",history,Names and nicknames of the Shanghai settlements,1920,1920,,
MASTER_00424,1920,NS 51,"Ayscough, F. W.",literature and language,Chinese poetry and its connotations *,1920,1920,,
MASTER_00425,1920,NS 51,"Skvortzow, B. W.","agriculture, botany and zoology","Notes on the agriculture, botany and the zoology of China, Sections xxxiii- xxxviii *",1920,1920,,
MASTER_00426,1920,NS 51,"Mason, I.",Mohammedanism,"Chinese life of Mohammed, A",1920,1920,,
MASTER_00427,1921,NS 52,"Morgan, E.",Taoism,"Operations and manifestations of the Tao exemplified in history, The",1921,1921,,
MASTER_00428,1921,NS 52,"Moninger, M. M.",ethnology and anthropology,"Hainanese Miao, The *",1921,1921,"HAINANESE MIAO, 海南省苗人",
MASTER_00429,1921,NS 52,"Ayscough, F. W.","travel, government, political economy and political theory",Notes on the symbolism of the Purple Forbidden City *,1921,1921,,
MASTER_00430,1921,NS 52,"Skvortzow, B. W.","agriculture, botany and zoology","Notes on the agriculture, botany and the zoology of China, Sections xxxix - xlvi *",1921,1921,,
MASTER_00431,1921,NS 52,"Wilkinson, H. P.","ethnology, anthropology and social customs",Exogamy in China,1921,1921,,
MASTER_00432,1921,NS 52,"Morse, H. B.",geography,"Lampacao, a mystery of the Far East",1921,1921,"Lampacao, Lampacau, 	浪白澳",
MASTER_00433,1921,NS 52,"Kliene, C.",literature and language,"Marriage maker, The",1921,1921,,
MASTER_00434,1921,NS 52,"Kemp, E. G.","travel, ethnology and anthropology","Highways and byways of Kweichow, The *",1921,1921,"KWEICHOW, Guizhou, 贵州省",
MASTER_00435,1921,NS 52,"Werner, E. T. C.",Christianity,"Christ in the "" Li Tai Shen Hsien T'ung Chien """,1921,1921,"LI TAI SHEN HSIEN T’UNG CHIEN, Li Dai Shen Xian Tong Jian, 历代神仙通鉴",
MASTER_00436,1921,NS 52,"Fletcher, W. J. B.",literature and language,"Trip to Hua Kang, A",1921,1921,,
MASTER_00437,1921,NS 52,"Fletcher, W. J. B.",literature and language,"Song of a skirt, The",1921,1921,,
MASTER_00438,1922,NS 53,"Sowerby, A. de C.",zoology,"Natural history of China, The",1922,1922,,
MASTER_00439,1922,NS 53,Heidenstem,geology and hydrology,"Growth of the Yangtze delta, The *",1922,1922,,
MASTER_00440,1922,NS 53,Hutson J.,"arts, archaeology, history and social customs","Shuh country, The",1922,1922,,
MASTER_00441,1922,NS 53,"Edgar, J. H.",ethnology and anthropology,Notes on names of non - Chinese tribes in Western Szechwan,1922,1922,,
MASTER_00442,1922,NS 53,"Edgar, J. H.",religion,Note on Chiang sacrifice and litholatry,1922,1922,,
MASTER_00443,1922,NS 53,"Ferguson, J. C.",literature and language,""" Fir - flower Tablets """,1922,1922,,
MASTER_00444,1922,NS 53,"Hudson, E.",literature and language,Lan - tsih *,1922,1922,,
MASTER_00445,1922,NS 53,"Gaunt, T.",literature and language,Ling Yin monastery poem,1922,1922,,
MASTER_00446,1922,NS 53,"Norin, E.",geology,Notes on the coal and Iron Ore deposits of Central Shansi,1922,1922,,
MASTER_00447,1922,NS 53,"Hers, J.",botany,Chinese names of plants ; a preliminary list of the trees and shrubs of North Honan,1922,1922,,
MASTER_00448,1922,NS 53,"Jacot, A. P.",zoology,"Oribatoidae Sinensis, Part I",1922,1922,,
MASTER_00449,1922,NS 53,"Sjolander, D.",zoology,"Distribution and habits of the Argali sheep of Central Asia, The *",1922,1922,,
MASTER_00450,1922,NS 53,"Cowdry, N. H.",botany,Plants from Peitaiho,1922,1922,,
MASTER_00451,1922,NS 53,"Skvortzow, B. W.","agriculture, botany and zoology","Notes on the agriculture, botany and the zoology of China, Sections xlvii - xlix *",1922,1922,,
MASTER_00452,1922,NS 53,"Riley, J. H. and Richmond, C. W.",zoology,"Partial bibliography of Chinese birds, A",1922,1922,,
MASTER_00453,1922,NS 53,"Werner, E. T. C.",Christianity,"Christ in the "" Li Tai Shen Hsien Tung Chien "" *",1922,1922,,
MASTER_00454,1923,NS 54,"Budd, C.",literature and language,"Snowstorm, A",1923,1923,,
MASTER_00455,1923,NS 54,"Jamieson, C. A.",literature and language,Chu - goh Leang and the arrows,1923,1923,,
MASTER_00456,1923,NS 54,"Hudson, E.",literature and language,"Drought, The",1923,1923,,
MASTER_00457,1923,NS 54,"Hudson, E.",literature and language,Then and now,1923,1923,,
MASTER_00458,1923,NS 54,"Hudson, E.",literature and language,"Night in the mountains, A",1923,1923,,
MASTER_00459,1923,NS 54,"Stael - Holstein, Baron A. von",Buddhism,Hsuan - tsang and modern research,1923,1923,,
MASTER_00460,1923,NS 54,Hutson J.,"arts, archaeology, history and social customs",The Shuh country,1923,1923,,
MASTER_00461,1923,NS 54,"Ferguson, J. C.",arts and archaeology,"Culture, the basis of Chinese art",1923,1923,,
MASTER_00462,1923,NS 54,"Chatley, H.",miscellaneous,Science in old China *,1923,1923,,
MASTER_00463,1923,NS 54,"Fischer, E. S.",travel and general descriptions,Modern travel from Tai Yuan Fu via Mount Wu Tai to the Mongolian frontier,1923,1923,,
MASTER_00464,1923,NS 54,"Darroch, J.",biographical history and individuals of history,A page of ancient Chinese history,1923,1923,,
MASTER_00465,1923,NS 54,"Ayscough, F. W.",travel and general descriptions,"Preliminary notes on the literary background of the "" Great River """,1923,1923,,
MASTER_00466,1923,NS 54,"Torrance, T.",religion,"Religion of the Ch'iang, The *",1923,1923,,
MASTER_00467,1923,NS 54,"Jacot, A. P.",zoology,"Oribatoidae Sinensis, Part II",1923,1923,,
MASTER_00468,1923,NS 54,"Heeren, J. J.",Christianity,Bishop Della Chiesa and the story of his lost grave *,1923,1923,,
MASTER_00469,1923,NS 54,"Kliene, C.",ethnology and anthropology,Some similarities in Chinese and ancient Egyptian culture,1923,1923,,
MASTER_00470,1923,NS 54,"Riley, J. H. and Richmond, C. W.",zoology,"Partial bibliography of Chinese birds, A (complementary to the List given in Vol 53, pp. 196-237)",1923,1923,,
MASTER_00471,1923,NS 54,"Morgan, E.",social customs,How tonnage was measured in ancient China,1923,1923,,
MASTER_00472,1923,NS 54,"Morgan, E.",Taoism,"Taoist superman, The",1923,1923,,
MASTER_00473,1923,NS 54,"Shirokogoroff, S. M.",religion,General theory of shamanism among the Tungus,1923,1923,,
MASTER_00474,1923,NS 54,"Werner, E. T. C.",religion,Chinese composite deities,1923,1923,,
MASTER_00475,1924,NS 55,"Shirokogoroff, S. M.",ethnology and anthropology,Who are the Northern Chinese ?,1924,1924,,
MASTER_00476,1924,NS 55,"Ferguson, J. C.",ethnology and anthropology,Southern Migration of the Sung Dynasty,1924,1924,,
MASTER_00477,1924,NS 55,"Warren, G. G.",philosophy,Was Chu Hsi a materialist ?,1924,1924,,
MASTER_00478,1924,NS 55,"Chatley, H.",folklore,"Dead Hand in China, The",1924,1924,,
MASTER_00479,1924,NS 55,"Torrance, T.",agriculture,Origin and history of the irrigation work of the Chengtu Plain,1924,1924,,
MASTER_00480,1924,NS 55,"Torrance, T.",geography and travels - Asia,History of Shuh a free translation of the Shuh Chi,1924,1924,,
MASTER_00481,1924,NS 55,"Jacot, A. P.",zoology,"Oribatoidea Sinensis, Part III",1924,1924,,
MASTER_00482,1924,NS 55,"Hayes, L. N.",religion of China,"Gods of the Chinese, The",1924,1924,,
MASTER_00483,1924,NS 55,"Mironov, N. D. and Shirokogoroff, S. M.",folklore,Sramana - Shaman,1924,1924,,
MASTER_00484,1924,NS 55,"Ayscough, F. W.",religion of China and folklore,Cult of the Ch'eng Huang Lao Yeh,1924,1924,,
MASTER_00485,1924,NS 55,"Wilder, G. D. and Hubbard, H. W.",zoology,List of the birds of Chihli Province,1924,1924,,
MASTER_00486,1924,NS 55,"Shirokogoroff, S. M.",Far Eastern languages,Critical bibliographical notes : study of the Tungus languages,1924,1924,,
MASTER_00487,1925,NS 56,"MacNair, H. F.",modern history - Asia,Some observation on China's international relations,1925,1925,,
MASTER_00488,1925,NS 56,"Sheppard, G. W. (ed.)",literature,"Edict of Ch ' in Shih Huang, A",1925,1925,,
MASTER_00489,1925,NS 56,"Pott, F. L. H.",philosophy,"Teaching of Micius, The",1925,1925,,
MASTER_00490,1925,NS 56,"Dovey, J. W.",religion of China,"Life and times of Confucius, The",1925,1925,,
MASTER_00491,1925,NS 56,"Barbour, G. B.",geology,"Springs of Tsinanfu, The",1925,1925,,
MASTER_00492,1925,NS 56,"Jacot, A. P.",zoology,Shantung foraminifera,1925,1925,,
MASTER_00493,1925,NS 56,"Werner, E. T. C.",geography and travels - Asia,"Burial place of Genghis Kwan, The",1925,1925,,
MASTER_00494,1925,NS 56,"Heeren, J. J.",religion and mythology,Some new light on the life and times of Bishop Della Chiesa,1925,1925,,
MASTER_00495,1925,NS 56,"Ferguson, J. C.",literature,"Stories in Chinese paintings, I",1925,1925,,
MASTER_00496,1925,NS 56,"Werner, E. T. C.",religion of China,Rebuttal notes on chinese religion and dynastic tombs,1925,1925,,
MASTER_00497,1925,NS 56,"Gillis, I. V.",Far Eastern languages,"Critical review of Chalfant's notes upon the "" Shuo Wen """,1925,1925,,
MASTER_00498,1925,NS 56,"Mason, I.",Mohammedanism,Notes on Chinese Mohammedan Literature,1925,1925,,
MASTER_00499,1926,NS 57,"Turner, F. B.",geology,Flood and famine in North China,1926,1926,,
MASTER_00500,1926,NS 57,"Hosie, A.",geography and travels - Asia,"Map of China in the making, A",1926,1926,,
MASTER_00501,1926,NS 57,"Edgar, J. H.",geography and travels - Asia,"Tibetan and his environment : an interpretation, The",1926,1926,,
MASTER_00502,1926,NS 57,"Morgan, E.",ancient history,League of nations in ancient China,1926,1926,,
MASTER_00503,1926,NS 57,"Ferguson, J. C.",modern history - Asia,General survey of standard Chinese histories,1926,1926,,
MASTER_00504,1926,NS 57,"Freeman, M.",philosophy,"Yen Hsi Chai, a 17th century philosopher",1926,1926,,
MASTER_00505,1926,NS 57,"Teesdale, J. H.",biography,"Li Sin Cheng, the Chung Wang or "" Faithful Prince """,1926,1926,,
MASTER_00506,1926,NS 57,"Gee, N. G.",zoology,Chinese fresh water sponges,1926,1926,,
MASTER_00507,1926,NS 57,"Torrance, T.",zoology,"Chinese cat, The",1926,1926,,
MASTER_00508,1926,NS 57,"Shirokogoroff, S. M.",ethnology and anthropology,Northern Tungus migrations in the Far East,1926,1926,,
MASTER_00509,1926,NS 57,"Wilder, G. D. and Hubbard, H. W.",zoology,Corrections and additions to the list of the birds of Chihli Province,1926,1926,,
MASTER_00510,1926,NS 57,"Werner, E. T. C.",inscriptions,"Postscript on tomb - destruction, A",1926,1926,,
MASTER_00511,1926,NS 57,G. S. S. G.,"antiquities, religion and mythology",Some notes on the remains of a phallic shrine in Japan,1926,1926,,
MASTER_00512,1927,NS 58,"Moule, A. C.",modern history - Asia,"Siege of Saianfu and the murder of Achmach Bailo, The",1927,1927,,
MASTER_00513,1927,NS 58,"Ferguson, J. C.",political science,Political parties of the Northern Sung Dynasty,1927,1927,,
MASTER_00514,1927,NS 58,"Leung, G. K.",literature and biography,Mei Lan - Fang (the man and his art),1927,1927,,
MASTER_00515,1927,NS 58,"Abraham, R. D.",fine arts,"Motives of Chinese art, The",1927,1927,,
MASTER_00516,1927,NS 58,"Hudson, E.",literature,"Little Lu - fu, and looking at a painting by Wang - tzu",1927,1927,,
MASTER_00517,1927,NS 58,"Jacot, A. P.",zoology,"Genus gueldenstaedtia (leguminoseae), The",1927,1927,,
MASTER_00518,1927,NS 58,"Morgan, E.",biography,Chou - kung ; The Duke of Chou,1927,1927,,
MASTER_00519,1927,NS 58,"Kojeuroff, G. P.",ethnology and anthropology,Some contributions to the anthropology of the buriats,1927,1927,,
MASTER_00520,1927,NS 58,"Couling, C. E.",religion of China,"Partriarch Lu, The",1927,1927,,
MASTER_00521,1928,NS 59,"Mason, I.",associations and institutions,Three score years and ten,1928,1928,,
MASTER_00522,1928,NS 59,"MacGillivray, D.",geography and travels - Asia,"Jews of Honan, The",1928,1928,,
MASTER_00523,1928,NS 59,"Ferguson, J. C.",porcelain,Shapes of porcelain vessels,1928,1928,,
MASTER_00524,1928,NS 59,"Hayes, L. N.",geography and travels - Asia,The Great Wall of China,1928,1928,,
MASTER_00525,1928,NS 59,"Freeman, M.",political science,"Ch'ing dynasty criticism of Sung politico - philosophy, The",1928,1928,,
MASTER_00526,1928,NS 59,Wang Kuo Wei,folklore,Chinese foot measures of the past nineteen centuries,1928,1928,,
MASTER_00527,1928,NS 59,"Meerkerk, M. E. R. F.",literature,"A German translation of the Hsi Hsiang Chi, A review",1928,1928,,
MASTER_00528,1928,NS 59,"Phelps, D. L.",education and music,"Place of Music in the Platonic and Confucian systems of moral education, The",1928,1928,,
MASTER_00529,1928,NS 59,"Englaender, A. L.",geology,"Origin and growth of deserts and the encroachment of the desert on North - China, The",1928,1928,,
MASTER_00530,1928,NS 59,"White, L. M.",religion and mythology,Early Christianity in Japan,1928,1928,,
MASTER_00531,1928,NS 59,"Werner, E. T. C.",religion of China,"Origin of the Chinese priesthood, The",1928,1928,,
MASTER_00532,1928,NS 59,"Jacot, A. P.",botany,Contributions from the Herbarium of the Shantung Christian University,1928,1928,,
MASTER_00533,1928,NS 59,Hu Shih,biography,"Wang Mang, the socialist emperor of nineteen centuries ago",1928,1928,,
MASTER_00534,1928,NS 59,"Biallas, F. X.",literature and biography,"K'u Yuan, his life and poems",1928,1928,,
MASTER_00535,1928,NS 59,"Hudson, E.",literature,"Kite's message, The",1928,1928,,
MASTER_00536,1928,NS 59,"Moule, A. C.",modern history - Asia,"Murder of Achmach Bailo, The",1928,1928,,
MASTER_00537,1929,NS 60,Chang Hsin - hai,modern history - Asia,Some types of Chinese historical thought,1929,1929,,
MASTER_00538,1929,NS 60,Hu Shih,religion of China,"Establishment of Confucianism as a state religion during the Han dynasty, The",1929,1929,,
MASTER_00539,1929,NS 60,"Mason, I.",Mohammedanism,"Mohammedans of China : when, and how they first came, The",1929,1929,,
MASTER_00540,1929,NS 60,"Chatley, H.",ethnology and anthropology,Did ancient Chinese culture come from Egypt ?,1929,1929,,
MASTER_00541,1929,NS 60,"Kann, E.",political economy,"Gold in China : in its historical, practical and financial aspects",1929,1929,,
MASTER_00542,1929,NS 60,"Englaender, A. L.",geology,Some notes on Aisa's Ice Age,1929,1929,,
MASTER_00543,1929,NS 60,"Edgar, J. H.",religion of China,Did Manicheism influence Lamaism ?,1929,1929,,
MASTER_00544,1929,NS 60,"Liu, J. C.",botany,"List of plant names included in the Cowdry Chihli flora, not recorded in the Index Florae Sinensis and its two supplements, A",1929,1929,,
MASTER_00545,1929,NS 60,"Talbot, R. M.",inscriptions,"List of legible inscriptions on stones in the foreign cemetery on Double Island, Swatow, 1922",1929,1929,,
MASTER_00546,1929,NS 60,"Morgan, E.",fine arts,"The George Eumorfopoulos collection : catalogue of the Chinese and Corean bronzes, sculpture, jades, jewellery and miscellaneous objects : by W. Percival Yetts, A",1929,1929,,
MASTER_00547,1930,NS 61,"Buxton, D.",ancient history,"Light thrown on ancient Chinese history by recent archaeological discoveries, The *",1930,1930,,
MASTER_00548,1930,NS 61,"Vacca, G.",science in general,Some points on the history of science in China *,1930,1930,,
MASTER_00549,1930,NS 61,"Fischer, E. S.",geography and travels - Asia,"Journey to the Tung Ling and a visit to the desecrated Eastern Mausolea of the Ta Tsing dynasty, in 1929, A",1930,1930,,
MASTER_00550,1930,NS 61,"Ferguson, J. C.",literature,"Stories in Chinese painting, II",1930,1930,,
MASTER_00551,1930,NS 61,"Morgan, E.",Far Eastern languages,"Language and new thought, or new words for new ideas",1930,1930,,
MASTER_00552,1930,NS 61,"Chatley, H.",Far Eastern languages,Can Chinese writing be simplified ?,1930,1930,,
MASTER_00553,1930,NS 61,"Wells, H. R.",religion of China,"Book of changes and genesis, The",1930,1930,,
MASTER_00554,1930,NS 61,"Soothill, W. E.",ancient history,Kingship in China *,1930,1930,,
MASTER_00555,1930,NS 61,"Bruce, P.",religion of China,The I - Wei a problem in criticism *,1930,1930,,
MASTER_00556,1930,NS 61,"Forke, A.",philosophy,"Philosopher Yang Hsiung, The *",1930,1930,,
MASTER_00557,1930,NS 61,"Ayscough, F. W.",geography and travels - Asia,"Symbolism of the Forbidden City, Peking, The *",1930,1930,,
MASTER_00558,1930,NS 61,"Jacot, A. P.",botany,Contributions from the Herbarium of the Shantung Christian University,1930,1930,,
MASTER_00559,1930,NS 61,"Hauer, Erich",Far Eastern languages,Why the sinologue should study manchu ?,1930,1930,,
MASTER_00560,1930,NS 61,"Budd, C.",literature,Chinese poems,1930,1930,,
MASTER_00561,1931,NS 62,Wu Lieh - teh,medicine,Early days of Western medicine in China,1931,1931,,
MASTER_00562,1931,NS 62,Coching Chu,astronomy,Climatic changes during historic time in China,1931,1931,,
MASTER_00563,1931,NS 62,"Porterfield, W. M.",botany,Bamboos in China,1931,1931,,
MASTER_00564,1931,NS 62,"Ping, C.",zoology,Preliminary notes on the natural history of Nanking,1931,1931,,
MASTER_00565,1931,NS 62,"Chatley, H.",chronology,"History of the days of the week, The",1931,1931,,
MASTER_00566,1931,NS 62,"Jacot, A. P.",botany,Contributions from the Herbarium of the Shantung Christian University,1931,1931,,
MASTER_00567,1931,NS 62,"Abraham, R. D.",porcelain,Chinese pottery and porcelain : an appreciation,1931,1931,,
MASTER_00568,1931,NS 62,"Mason, I.",Mohammedanism and chronology,Chinese - Moslem chronology,1931,1931,,
MASTER_00569,1931,NS 62,"Haward, E.","modern history, geography and travels - Asia","Indian frontier, The",1931,1931,,
MASTER_00570,1931,NS 62,Tsai Yuen - Pei,philosophy,"Chinese nation and the doctrine of the golden mean, The",1931,1931,,
MASTER_00571,1931,NS 62,"Gardner, C. S.",Far Eastern languages,"Western transcription of Chinese, The",1931,1931,,
MASTER_00572,1931,NS 62,Lu Yen - Ying,religion of China,"Confucianism, Democracy and nationalism",1931,1931,,
MASTER_00573,1931,NS 62,"Morgan, E.",philosophy and religion of China,"Cosmic spirit, The",1931,1931,,
MASTER_00574,1931,NS 62,"Gapanovich, J. J.",ethnology and anthropology,"Asiatic origin of South American man, The",1931,1931,,
MASTER_00575,1932,NS 63,"Ferguson, J. C.",Porcelain,Porcelains of successive dynasties,1932,1932,,
MASTER_00576,1932,NS 63,"Johnston, R. F.",Religion,"Poet - monk of Modern China, A",1932,1932,,
MASTER_00577,1932,NS 63,"Saeki, P. Y.",Christianity,"Hsu - T'ing Mi - shi - so Sutra, or Jesus - Messian - Sutra, The",1932,1932,,
MASTER_00578,1932,NS 63,"Hughes, E. R.",History,Political indealists and realists of China of the fourth and third centruies B. C.,1932,1932,,
MASTER_00579,1932,NS 63,"Moyer, R. T.",Geography,"Aridity of North China, The",1932,1932,,
MASTER_00580,1932,NS 63,"Ferguson, J. C.",Painting,"Stories in Chinese paintings, III",1932,1932,,
MASTER_00581,1932,NS 63,"Kulp, D. H",Anthropology,Chinese anthropometrics : studies in Chekiang and Kwangtung,1932,1932,,
MASTER_00582,1932,NS 63,"Murphy, D. C.",Antiquities,"Research museum in Far Eastern antiquities, A",1932,1932,,
MASTER_00583,1932,NS 63,"Morgan, E.",Literature,Studies in conduct and character,1932,1932,,
MASTER_00584,1933,NS 64,Wu Lieh - teh,Travel,Early Chinese travellers and their successors,1933,1933,,
MASTER_00585,1933,NS 64,"Bishop, C. W.",Religion,"Worship of Earth in Ancient China, The",1933,1933,,
MASTER_00586,1933,NS 64,"Ferguson, J. C.",History,Loyang as the national capital,1933,1933,,
MASTER_00587,1933,NS 64,"Freeman, M.",Philosophy,"Philosophy of Tai Tung - yuan, The",1933,1933,,
MASTER_00588,1933,NS 64,"Fischer, E. S.",Archaeology,"T'ai Miao, a description of the supreme hall of sacrefices of the Forbidden City",1933,1933,,
MASTER_00589,1933,NS 64,"Chatley, H.",History,Futher notes on the history of the days of the week,1933,1933,,
MASTER_00590,1933,NS 64,"Saeki, P. Y.",Christianity,"Translation of the fragments of the Nestorian writing in China, The",1933,1933,,
MASTER_00591,1933,NS 64,"Penniston, J. B.",Geography,"Origin of loess, The",1933,1933,,
MASTER_00592,1933,NS 64,"Gale, E. M.",History,Some Chinese sources for the study of Northeastern Asia,1933,1933,,
MASTER_00593,1933,NS 64,Cheng Te - k'un,Travel,"Travels of Emperor Mu, The",1933,1933,,
MASTER_00594,1933,NS 64,"Rispaud, P. J.",Language and languages,Notes sur les alphabets lu du Yun - nan et les denominations ethniques donnees aux T'ay,1933,1933,,
MASTER_00595,1934,NS 65,"Grabau, A. W.",Anthropology,"Beginning of the human race, The",1934,1934,,
MASTER_00596,1934,NS 65,"Ferguson, J. C.",Painting,Painters among Catholic missionaries and their helpers in Peking,1934,1934,,
MASTER_00597,1934,NS 65,"Chatley, H.","Chronology, Historical","Cycles of Cathay, The",1934,1934,,
MASTER_00598,1934,NS 65,Teng Kuei,Archaeology,Bamboo and bamboo painting,1934,1934,,
MASTER_00599,1934,NS 65,"Lyon, D. W.",Literature,"Past decade in Chinese literature, The",1934,1934,,
MASTER_00600,1934,NS 65,"Gale, E. M., Boodberg, P. A. and Lin, T. C.",Economics,Discourses on salt and iron (Yen T'ieh Lun : Chaps. XX - XXVIII),1934,1934,,
MASTER_00601,1934,NS 65,"Saeki, P. Y.",Christianity,"Translation of the fragments of the Nestorian writing in China, The (concluded)",1934,1934,,
MASTER_00602,1934,NS 65,Cheng Te - k'un,Travel,"Travels of Emperor MU, The (concluded)",1934,1934,,
MASTER_00603,1934,NS 65,Lee Shao - chang,Buddhism,"Prajna - Paramita Hridaya Sutra or "" Essence of transcendental wisdom "" The (Hsuan Chuang, A. D. VIIth Cent.)",1934,1934,,
MASTER_00604,1935,NS 66,"Williams, E. T.",Religion,"Worship of Lei Tsu, patron saint of silk workers, The",1935,1935,,
MASTER_00605,1935,NS 66,"Siren, 0.",Painting,How the Chinese llok upon the art of painting,1935,1935,,
MASTER_00606,1935,NS 66,Lin Yu - tang,Literature,"Technique and spirit of Chinese poetry, The",1935,1935,,
MASTER_00607,1935,NS 66,"Drake, F. S.",Geography,China's North - west passage : a chapter in its opening,1935,1935,,
MASTER_00608,1935,NS 66,Lin Tung - chi,Language and languages,"Word "" one "" in Chinese poetry, The",1935,1935,,
MASTER_00609,1935,NS 66,"Andrew, G. F.",Ethnology,Men and matters in the land of the Yellow Earth,1935,1935,,
MASTER_00610,1935,NS 66,"Ferguson, J. C.",Archaeology,Inscriptions on bronzes,1935,1935,,
MASTER_00611,1935,NS 66,"Dubs, H. H.",Astronomy,Eclipses during the first fifty years of the earlier Han dynasty,1935,1935,,
MASTER_00612,1936,NS 67,"Ferguson, J. C.",Archaeology,"Six horses of T'ang T'ai Tsung, The",1936,1936,,
MASTER_00613,1936,NS 67,"Chatley, H.",Architecture,T'ai Chi Shang Yun the chinese astrological theory of creation,1936,1936,,
MASTER_00614,1936,NS 67,"Gibson, H. E.",Archaeology,"Inscribed bones of Shang, The",1936,1936,,
MASTER_00615,1936,NS 67,"Williams, E. T.",Religion,Agricultural rites in the religion of old China,1936,1936,,
MASTER_00616,1936,NS 67,"Prip - Moller, J.",Archaeology,"On the building history of the Pao Shu T'a, Hangchow",1936,1936,,
MASTER_00617,1936,NS 67,"Dubs, H. H.","History, Ancient",Han Kao - Tsu and Hsiang Yu,1936,1936,,
MASTER_00618,1936,NS 67,"Saeki, P. Y.",Christianity,Old problems concerning the Nestorian monument,1936,1936,,
MASTER_00619,1936,NS 67,"Brown, M. H.",Confucianism,"Chinese attitude to peace and war in pre - Confucian Times, The",1936,1936,,
MASTER_00620,1936,NS 67,"Nystrom, E. T.",Geography,"Geophysical prospecting for gold, metallic ores and petroleum and its possible application in China, The",1936,1936,,
MASTER_00621,1936,NS 67,"Drake, F. S.",Travel,China's Northwest passage : the struggle for the Tarim Basin in the later Han dynasty,1936,1936,,
MASTER_00622,1936,NS 67,"Ch'en, S. C.",Economics,"Sang Hung - yang, economist of the early Han",1936,1936,,
MASTER_00623,1937,NS 68,"Sowerby, A. de C.",Art,Animals in Chinese art (presidential address),1937,1937,,
MASTER_00624,1937,NS 68,"Gibson, H. E.",Archaeology,Music and musical instruments of Shang,1937,1937,,
MASTER_00625,1937,NS 68,"Moyer, R. T.",Agriculture,Some observations on the agriculture of inner Mongola,1937,1937,,
MASTER_00626,1937,NS 68,"Goodrich, L. C.",History,Korean interference with Chinese historical records,1937,1937,,
MASTER_00627,1937,NS 68,"Gale, E. M.",Geography,Chekiang highways,1937,1937,,
MASTER_00628,1938,NS 69,"Sowerby, A. de C.",Archaeology,Pottery tomb figures of ancient China (presidential address),1938,1938,,
MASTER_00629,1938,NS 69,"Gibson, H. E.",Religion,Domesticated animals of Shang and their sacrifice,1938,1938,,
MASTER_00630,1938,NS 69,"Morgan, E.",History,Times and manners in the age of the Emperor Kang Hsi,1938,1938,,
MASTER_00631,1938,NS 69,"Stifler, S. R.",Language and languages,"Language students of the East India company's Canton factory, The",1938,1938,,
MASTER_00632,1938,NS 69,Wen Yu,Language and languages,"Influence of liquids upon the dissolution of initial consonant groups of the indo sinic families, The",1938,1938,,
MASTER_00633,1939,NS 70,"Sowerby, A. de C.",Ethnology,Some Chinese animal myths and legends (presidential address),1939,1939,,
MASTER_00634,1939,NS 70,"Read, B. E.",Science,"Dragon in Chinese medicine, The",1939,1939,,
MASTER_00635,1939,NS 70,"Morgan, E.",Religion,Sacrifices in ancient China,1939,1939,,
MASTER_00636,1939,NS 70,"Gibson, H. E.",Language and languages,"Evolution of Chinese characters beginning from Shang pictographs, The",1939,1939,,
MASTER_00637,1939,NS 70,"Williams, E. T.",Religion,Worshipping imperial ancestors in Peking,1939,1939,,
MASTER_00638,1940,NS 71,"Sowerby, A. de C.",Zoology,Some remarkable animals of China (presidential address),1940,1940,,
MASTER_00639,1940,NS 71,"Read, B. E.",Medicine,Insects used in Chinese medicine,1940,1940,,
MASTER_00640,1940,NS 71,"Gibson, H. E.",Economics,Cowries as money during the Shang and Chou periods,1940,1940,,
MASTER_00641,1940,NS 71,"Drake, F. S.",Archaeology,"Inscribed Chou pottery vessel, An",1940,1940,,
MASTER_00642,1940,NS 71,"Tomkinson, L.",History,Chinese historical attitudes to peace and war,1940,1940,,
MASTER_00643,1940,NS 71,"Dunlap, E. W.",Archaeology,"Chin Shan Tsui Temple Peitaiho, The",1940,1940,,
MASTER_00644,1940,NS 71,"Poston, D. G.",Ethnology,Bits of old Soochow,1940,1940,,
MASTER_00645,1940,NS 71,"Fischer, E. S.",Geography,Jehol,1940,1940,,
MASTER_00646,1946,NS 72,"Ferguson, J. C.",Archaeology,Decorations of Chinese bronzes,1946,1946,,
MASTER_00647,1946,NS 72,"Beath, S. S.",Archaeology,Ching Te Chen procelain city of emperors,1946,1946,,
MASTER_00648,1946,NS 72,"Roberts, D.",History,Interpretations of Chinese history,1946,1946,,
MASTER_00649,1946,NS 72,"Sowerby, A. de C.",Science,Zoological exploration in China,1946,1946,,
MASTER_00650,1946,NS 72,"Fischer, E. S.",Religion,"Sacred Lamaist dances, The",1946,1946,,
MASTER_00651,1946,NS 72,"Ruffe, M. D ' Auxion de",Law,Criminal law in ancient China,1946,1946,,
MASTER_00652,1946,NS 72,"Ankerson, W. A.",Ethnology,"Chinese shadow play, The",1946,1946,,
MASTER_00653,1946,NS 72,"Schwarz, K. L.",Literature,Bibliographical catalogue of European books printed before 1900,1946,1946,,
MASTER_00654,1948,NS 73,"Francis, J. de",Christianity,"Missionary contribution to Chinese nationalism, A",1948,1948,,
MASTER_00655,1948,NS 73,"House, I. E.",Zoology,"Butterfly hunting in Pi Hu, S. Chekiang",1948,1948,,
MASTER_00656,1948,NS 73,Yao Shan - yu,Religion,"Cosmological and anthropological philosophy of Tung Chung - shu, The",1948,1948,,
MASTER_00657,1948,NS 73,Chang Hsing Lang,Christianity,"Cause which induced the monk I - szu, the Nestorian Archbishop of Ch'ang an, to come to China and the exact date of his arrival, The",1948,1948,,
MASTER_00658,1948,NS 73,"Gillett, M. C.",Language and languages,Some notes on the blue Turkish tongue,1948,1948,,
MASTER_00659,1948,NS 73,"Schwarz, K. L.",Literature,Bibliographical catalogue of European books printed before 1900,1948,1948,,
